다발지역 에프아이디(FID),다발지역 아이디(ID),시도 구분 아이디(ID),시도명,시구군 구분 아이디(ID),시구군명,읍면동 구분 ID,읍면동명,사고종류,법정동 코드,지점 코드,시도시구군명,지점명,사고건수,사상자수,사망자수,중상자수,경상자수,부상신고자수,경도,위도,대상
138992,2013098,43,충청북도,113,청주흥덕구,113,가경동,OLDMAN,4311311300,43113003,충청북도 청주시 흥덕구3,충청북도 청주시 흥덕구 가경동((풍광길풍년3로) 부근),4,4,1,1,2,0,127.4342787,36.62786941,노약자
139213,2013098,43,충청북도,111,청주상당구,118,대성동,OLDMAN,4311111800,43111002,충청북도 청주시 상당구2,충청북도 청주시 상당구 대성동(시민TV사 부근),3,3,1,2,0,0,127.4964319,36.63220566,노약자
139266,2013098,43,충청북도,730,옥천군,250,옥천읍,OLDMAN,4373025036,43730001,충청북도 옥천군1,충청북도 옥천군 옥천읍(옥천입시학원 부근),3,3,0,3,0,0,127.569859,36.30241239,노약자
140481,2013097,43,충청북도,111,청주상당구,117,탑동,CHILD,4311111700,43111002,충청북도 청주시 상당구2,충청북도 청주시 상당구 탑동((굿모닝메디칼) 부근),4,6,0,3,3,0,127.5021858,36.63105628,어린이
143385,2013097,43,충청북도,111,청주상당구,124,용암동,CHILD,4311112400,43111001,충청북도 청주시 상당구1,충청북도 청주시 상당구 용암동((용성초등학교) 부근),3,3,0,2,1,0,127.5164885,36.62386518,어린이
143388,2013097,43,충청북도,113,청주흥덕구,113,가경동,CHILD,4311311300,43113002,충청북도 청주시 흥덕구2,충청북도 청주시 흥덕구 가경동((감나무골로감나무골1로) 부근),4,4,0,1,3,0,127.4431131,36.61689308,어린이
143389,2013097,43,충청북도,130,충주시,116,칠금동,CHILD,4313011600,43130001,충청북도 충주시1,충청북도 충주시 칠금동(예지의원 부근),3,4,0,1,3,0,127.9222677,36.98459738,어린이
143390,2013097,43,충청북도,150,제천시,116,장락동,CHILD,4315011600,43150001,충청북도 제천시1,충청북도 제천시 장락동((천일베리굿아파트103동) 부근),4,4,0,2,2,0,128.2253649,37.15498715,어린이
143392,2013097,43,충청북도,740,영동군,250,영동읍,CHILD,4374025021,43740001,충청북도 영동군1,충청북도 영동군 영동읍(중앙사거리 부근),4,4,0,3,1,0,127.7792507,36.17507298,어린이
150410,2013098,43,충청북도,111,청주상당구,106,남문로2가동,OLDMAN,4311110600,43111005,충청북도 청주시 상당구5,충청북도 청주시 상당구 남문로2가동(우리은행(주)청주지점 부근),4,4,1,0,3,0,127.4891365,36.63209606,노약자
150412,2013098,43,충청북도,111,청주상당구,117,탑동,OLDMAN,4311111700,43111001,충청북도 청주시 상당구1,충청북도 청주시 상당구 탑동((현대아파트105동) 부근),3,3,0,2,1,0,127.5005175,36.6316561,노약자
150417,2013098,43,충청북도,130,충주시,127,문화동,OLDMAN,4313012700,43130003,충청북도 충주시3,충청북도 충주시 문화동(돌다방 부근),3,3,2,1,0,0,127.927129,36.97331402,노약자
150418,2013098,43,충청북도,130,충주시,104,충인동,OLDMAN,4313010400,43130001,충청북도 충주시1,충청북도 충주시 충인동(화장품본사직영매점 부근),3,3,0,3,0,0,127.9307523,36.97528651,노약자
150420,2013098,43,충청북도,130,충주시,118,연수동,OLDMAN,4313011800,43130004,충청북도 충주시4,충청북도 충주시 연수동(주공2단지아파트 부근),5,7,0,5,1,1,127.9374971,36.98780303,노약자
150421,2013098,43,충청북도,130,충주시,118,연수동,OLDMAN,4313011800,43130002,충청북도 충주시2,충청북도 충주시 연수동(법원사거리 부근),3,3,1,2,0,0,127.9284796,36.9822377,노약자
150423,2013098,43,충청북도,150,제천시,111,하소동,OLDMAN,4315011100,43150001,충청북도 제천시1,충청북도 제천시 하소동((제천하소2단지주공아파트) 부근),3,3,1,2,0,0,128.1992549,37.14518705,노약자
150424,2013098,43,충청북도,150,제천시,106,중앙로1가,OLDMAN,4315010600,43150002,충청북도 제천시2,충청북도 제천시 중앙로1가((제천여성도서관) 부근),9,9,1,6,2,0,128.2119555,37.13858025,노약자
150426,2013098,43,충청북도,740,영동군,250,영동읍,OLDMAN,4374025000,43740001,충청북도 영동군1,충청북도 영동군 영동읍(중앙사거리 부근),3,3,0,3,0,0,127.7769434,36.17527863,노약자
150427,2013098,43,충청북도,800,단양군,250,단양읍,OLDMAN,4380025026,43800001,충청북도 단양군1,충청북도 단양군 단양읍(단양마을상설시장 부근),3,3,0,1,2,0,128.3698531,36.98273874,노약자
153288,2013098,43,충청북도,113,청주흥덕구,117,강서동,OLDMAN,4311311700,43113001,충청북도 청주시 흥덕구1,충청북도 청주시 흥덕구 강서동((대림아파트2동) 부근),3,3,0,3,0,0,127.4242667,36.62598722,노약자
153922,2013098,43,충청북도,111,청주상당구,111,석교동,OLDMAN,4311111100,43111004,충청북도 청주시 상당구4,충청북도 청주시 상당구 석교동(승차권판매소 부근),4,4,0,3,1,0,127.4908048,36.62761176,노약자
153925,2013098,43,충청북도,111,청주상당구,117,탑동,OLDMAN,4311111700,43111006,충청북도 청주시 상당구6,충청북도 청주시 상당구 탑동((남양빌라나동) 부근),4,4,1,2,1,0,127.4992353,36.62634754,노약자
160970,2013099,43,충청북도,111,청주상당구,105,남문로1가동,BICYCLE,4311110500,43111002,충청북도 청주시 상당구2,충청북도 청주시 상당구 남문로1가동(미스터피자 부근),4,5,0,2,3,0,127.4889648,36.63256768,기타
160976,2013099,43,충청북도,113,청주흥덕구,104,운천동,BICYCLE,4311310400,43113003,충청북도 청주시 흥덕구3,충청북도 청주시 흥덕구 운천동((한성아파트6동) 부근),4,4,0,2,2,0,127.4699916,36.65146062,기타
160977,2013099,43,충청북도,113,청주흥덕구,138,비하동,BICYCLE,4311313800,43113004,충청북도 청주시 흥덕구4,충청북도 청주시 흥덕구 비하동(지웰시티앞 부근),4,4,0,2,2,0,127.4222672,36.64261955,기타
160983,2013099,43,충청북도,113,청주흥덕구,114,복대동,BICYCLE,4311311400,43113006,충청북도 청주시 흥덕구6,충청북도 청주시 흥덕구 복대동(산업단지육거리 부근),5,6,0,1,5,0,127.4473702,36.63445452,기타
160988,2013099,43,충청북도,130,충주시,105,교현동,BICYCLE,4313010500,43130001,충청북도 충주시1,충청북도 충주시 교현동(대가미사거리 부근),4,4,0,2,2,0,127.9279307,36.97857344,기타
160990,2013099,43,충청북도,130,충주시,106,용산동,BICYCLE,4313010600,43130004,충청북도 충주시4,충청북도 충주시 용산동(88꽃화원 부근),6,9,0,5,4,0,127.933796,36.96678769,기타
160991,2013099,43,충청북도,130,충주시,104,충인동,BICYCLE,4313010400,43130003,충청북도 충주시3,충청북도 충주시 충인동(서울전통자수 부근),6,6,0,5,0,1,127.933762,36.97294676,기타
163239,2013099,43,충청북도,113,청주흥덕구,115,봉명동,BICYCLE,4311311500,43113007,충청북도 청주시 흥덕구7,충청북도 청주시 흥덕구 봉명동((송파로흥덕로) 부근),5,5,0,2,3,0,127.4604186,36.64242378,기타
163240,2013099,43,충청북도,130,충주시,127,문화동,BICYCLE,4313012700,43130002,충청북도 충주시2,충청북도 충주시 문화동(민제한의원 부근),4,4,1,1,2,0,127.9255314,36.97429903,기타
167056,2013114,43,충청북도,113,청주흥덕구,113,가경동,JAYWALKING,4311311300,431513002,충북 청주흥덕2,충청북도 청주시 흥덕구 가경동((풍산로터미널로) 부근),6,7,0,5,2,0,127.4326075,36.62673979,기타
167071,2013114,43,충청북도,111,청주상당구,112,수동,JAYWALKING,4311111200,431502006,충북 청주상당6,충청북도 청주시 상당구 수동(우암오거리 부근),5,7,0,3,4,0,127.4893943,36.64645792,기타
167088,2013114,43,충청북도,150,제천시,109,화산동,JAYWALKING,4315010900,431505001,충북 제천1,충청북도 제천시 화산동((노인정) 부근),5,5,2,2,1,0,128.2082259,37.13139242,기타
167110,2013114,43,충청북도,111,청주상당구,120,금천동,JAYWALKING,4311112000,431502005,충북 청주상당5,충청북도 청주시 상당구 금천동((남들20로남들4로) 부근),4,4,3,1,0,0,127.4926187,36.62123423,기타
167179,2013114,43,충청북도,111,청주상당구,107,문화동,JAYWALKING,4311110700,431502010,충북 청주상당10,충청북도 청주시 상당구 문화동(중앙시장 부근),7,7,1,4,2,0,127.4900889,36.63925502,기타
167284,2013114,43,충청북도,130,충주시,118,연수동,JAYWALKING,4313011800,431503001,충북 충주1,충청북도 충주시 연수동(법원사거리 부근),4,4,1,2,1,0,127.9269243,36.98238843,기타
167339,2013114,43,충청북도,111,청주상당구,110,남주동,JAYWALKING,4311111000,431502007,충북 청주상당7,충청북도 청주시 상당구 남주동(효성고무 부근),5,5,2,2,1,0,127.4843966,36.63174493,기타
167358,2013114,43,충청북도,111,청주상당구,118,대성동,JAYWALKING,4311111800,431502003,충북 청주상당3,충청북도 청주시 상당구 대성동(24시그린편의점 부근),4,4,1,2,1,0,127.4953916,36.63244001,기타
167386,2013114,43,충청북도,111,청주상당구,106,남문로2가동,JAYWALKING,4311110600,431502008,충북 청주상당8,충청북도 청주시 상당구 남문로2가동(도청사거리 부근),6,6,0,3,3,0,127.4905816,36.63471151,기타
167447,2013114,43,충청북도,111,청주상당구,117,탑동,JAYWALKING,4311111700,431502004,충북 청주상당4,충청북도 청주시 상당구 탑동(금천육거리 부근),4,4,2,0,2,0,127.4988704,36.62536333,기타
167497,2013114,43,충청북도,150,제천시,106,중앙로1가,JAYWALKING,4315010600,431505002,충북 제천2,충청북도 제천시 중앙로1가((장우동) 부근),9,9,0,8,1,0,128.2130523,37.13823218,기타
167576,2013114,43,충청북도,111,청주상당구,111,석교동,JAYWALKING,4311111100,431502012,충북 청주상당12,충청북도 청주시 상당구 석교동(갈탄난로 벽난로 전시장 부근),10,10,2,7,1,0,127.492126,36.62711198,기타
181761,2014095,43,충청북도,113,청주흥덕구,113,가경동,SCHOOLZONE,4311311300,43113002,충청북도 청주시 흥덕구2,충청북도 청주시 흥덕구 가경동(서현초교 부근),2,2,0,1,1,0,127.4308419,36.61878034,어린이
181779,2014095,43,충청북도,750,진천군,370,광혜원면,SCHOOLZONE,4375037027,43750001,충청북도 진천군1,충청북도 진천군 광혜원면(만승초교 부근),2,3,0,3,0,0,127.4409353,36.99042684,어린이
196167,2014105,43,충청북도,111,청주상당구,111,석교동,OLDMAN,4311111100,43111001,충청북도 청주시 상당구1,충청북도 청주시 상당구 석교동(윤마취통증의원 부근),4,5,0,4,1,0,127.4912441,36.62826637,노약자
196168,2014105,43,충청북도,113,청주흥덕구,114,복대동,OLDMAN,4311311400,43113001,충청북도 청주시 흥덕구1,충청북도 청주시 흥덕구 복대동(복대사거리 부근),4,5,0,5,0,0,127.4407602,36.63438035,노약자
196169,2014105,43,충청북도,150,제천시,108,명동,OLDMAN,4315010800,43150002,충청북도 제천시2,충청북도 제천시 명동((현대타이어) 부근),4,4,0,4,0,0,128.2081223,37.13404662,노약자
196170,2014105,43,충청북도,150,제천시,106,중앙로1가,OLDMAN,4315010600,43150001,충청북도 제천시1,충청북도 제천시 중앙로1가((제천여성도서관) 부근),5,5,0,4,1,0,128.2121143,37.13862902,노약자
196171,2014105,43,충청북도,720,보은군,250,보은읍,OLDMAN,4372025000,43720001,충청북도 보은군1,충청북도 보은군 보은읍(봉성기획 부근),4,4,1,3,0,0,127.7178567,36.48488349,노약자
196172,2014105,43,충청북도,730,옥천군,250,옥천읍,OLDMAN,4373025038,43730001,충청북도 옥천군1,충청북도 옥천군 옥천읍(학생사 부근),8,10,1,5,4,0,127.5691046,36.30322032,노약자
196173,2014105,43,충청북도,745,증평군,250,증평읍,OLDMAN,4374525027,43745001,충청북도 증평군1,충청북도 증평군 증평읍(증평사거리 부근),4,4,1,2,1,0,127.5817156,36.78437508,노약자
198411,2014110,43,충청북도,113,청주흥덕구,113,가경동,CHILD,4311311300,43113001,충청북도 청주시 흥덕구1,충청북도 청주시 흥덕구 가경동((송골3로통수물1로) 인근),4,4,0,1,3,0,127.4299587,36.62032943,어린이
206085,2014109,43,충청북도,111,청주상당구,102,북문로1가동,BICYCLE,4311110200,43111003,충청북도 청주시 상당구3,충청북도 청주시 상당구 북문로1가동(바이오썬큐틴(Bio) 부근),5,6,0,0,6,0,127.4858874,36.6365824,기타
206088,2014109,43,충청북도,113,청주흥덕구,138,비하동,BICYCLE,4311313800,43113008,충청북도 청주시 흥덕구8,충청북도 청주시 흥덕구 비하동(비하주유소앞 부근),4,4,0,1,3,0,127.4227682,36.63842528,기타
206092,2014109,43,충청북도,130,충주시,105,교현동,BICYCLE,4313010500,43130001,충청북도 충주시1,충청북도 충주시 교현동(충주종합운동장 부근),4,5,0,1,3,1,127.9348885,36.97995951,기타
220254,2014117,43,충청북도,113,청주흥덕구,114,복대동,JAYWALKING,4311311400,431513002,충북 청주흥덕2,충청북도 청주시 흥덕구 복대동((대림가경아파트101동) 부근),6,6,0,4,2,0,127.4337548,36.63276901,기타
220279,2014117,43,충청북도,111,청주상당구,118,대성동,JAYWALKING,4311111800,431502002,충북 청주상당2,충청북도 청주시 상당구 대성동(삼화카정비 부근),5,5,1,3,1,0,127.4974739,36.63210611,기타
220315,2014117,43,충청북도,750,진천군,250,진천읍,JAYWALKING,4375025021,431512001,충북 진천1,충청북도 진천군 진천읍(진천상업고등학교 부근),4,4,0,4,0,0,127.4429513,36.85012613,기타
220505,2014117,43,충청북도,130,충주시,118,연수동,JAYWALKING,4313011800,431503001,충북 충주1,충청북도 충주시 연수동(법원사거리 부근),4,4,1,2,1,0,127.9288143,36.98238161,기타
220506,2014117,43,충청북도,745,증평군,250,증평읍,JAYWALKING,4374525030,431507001,충북 괴산1,충청북도 증평군 증평읍(초중사거리 부근),1,1,1,0,0,0,127.5731639,36.78349208,기타
5053761,2014105,43,충청북도,750,진천군,250,진천읍,OLDMAN,4375025024,43750001,충청북도 진천군1,충청북도 진천군 진천읍(약손한의원 부근),3,3,0,2,1,0,127.4433368,36.85848214,노약자
5061134,2014105,43,충청북도,113,청주흥덕구,113,가경동,OLDMAN,4311311300,43113002,충청북도 청주시 흥덕구2,충청북도 청주시 흥덕구 가경동(오복치과 부근),4,4,0,3,1,0,127.4362655,36.63279267,노약자
5089907,2014105,43,충청북도,130,충주시,250,주덕읍,OLDMAN,4313025000,43130002,충청북도 충주시2,충청북도 충주시 주덕읍(주덕마트 부근),3,3,0,3,0,0,127.7961501,36.97479268,노약자
5214987,2014105,43,충청북도,800,단양군,250,단양읍,OLDMAN,4380025026,43800001,충청북도 단양군1,충청북도 단양군 단양읍(세종의원 부근),3,3,0,3,0,0,128.3691241,36.98229307,노약자
5227802,2014105,43,충청북도,130,충주시,105,교현동,OLDMAN,4313010500,43130003,충청북도 충주시3,충청북도 충주시 교현동(동촌사거리 부근),3,3,0,1,2,0,127.9381086,36.9692065,노약자
5265212,2014105,43,충청북도,130,충주시,102,성남동,OLDMAN,4313010200,43130001,충청북도 충주시1,충청북도 충주시 성남동(광제약국 부근),3,3,0,3,0,0,127.9334252,36.96746588,노약자
5288697,2014105,43,충청북도,150,제천시,107,중앙로2가,OLDMAN,4315010700,43150003,충청북도 제천시3,충청북도 제천시 중앙로2가((세정빌라) 부근),4,4,0,2,2,0,128.2136778,37.14488978,노약자
5351616,2014109,43,충청북도,130,충주시,106,용산동,BICYCLE,4313010600,43130002,충청북도 충주시2,충청북도 충주시 용산동(영인건설(주) 부근),4,5,0,0,4,1,127.9394772,36.96299051,기타
5356457,2014109,43,충청북도,113,청주흥덕구,114,복대동,BICYCLE,4311311400,43113005,충청북도 청주시 흥덕구5,충청북도 청주시 흥덕구 복대동(복대사거리 부근),4,4,0,2,2,0,127.4409523,36.63264183,기타
5535146,2014110,43,충청북도,113,청주흥덕구,114,복대동,CHILD,4311311400,43113004,충청북도 청주시 흥덕구4,충청북도 청주시 흥덕구 복대동(복대교 부근),3,3,0,1,2,0,127.4351673,36.63514499,어린이
5536001,2014110,43,충청북도,750,진천군,370,광혜원면,CHILD,4375037027,43750001,충청북도 진천군1,충청북도 진천군 광혜원면((주)오탑건설 부근),3,4,0,3,1,0,127.4409353,36.99042684,어린이
5547482,2014110,43,충청북도,113,청주흥덕구,114,복대동,CHILD,4311311400,43113002,충청북도 청주시 흥덕구2,충청북도 청주시 흥덕구 복대동((구룡로하북대1로) 부근),3,4,1,2,1,0,127.4415873,36.63606784,어린이
6090170,2015042,43,충청북도,112,서원구,104,산남동,SCHOOLZONE,43112104,43112001,충청북도 청주시 서원구1,충청북도 청주시 서원구 산남동(산남초교 부근),2,2,0,1,1,0,127.464351,36.61087989,어린이
6090171,2015042,43,충청북도,113,청주흥덕구,114,복대동,SCHOOLZONE,43113114,43113001,충청북도 청주시 흥덕구1,충청북도 청주시 흥덕구 복대동(증안초교 부근),2,2,0,2,0,0,127.4266073,36.63453193,어린이
6095528,2015046,43,충청북도,113,청주흥덕구,113,가경동,BICYCLE,4311311300,43113004,충청북도 청주시 흥덕구4,충청북도 청주시 흥덕구 가경동((풍산로터미널로) 부근),5,5,0,1,4,0,127.4320546,36.62598402,기타
6095594,2015046,43,충청북도,112,서원구,109,개신동,BICYCLE,4311210900,43112004,충청북도 청주시 서원구4,충청북도 청주시 서원구 개신동(개신오거리 부근),4,4,0,2,2,0,127.4646359,36.62371735,기타
6095904,2015046,43,충청북도,130,충주시,118,연수동,BICYCLE,4313011800,43130001,충청북도 충주시1,충청북도 충주시 연수동(체육관앞사거리 부근),10,10,0,5,4,1,127.9355437,36.98239498,기타
6095907,2015046,43,충청북도,130,충주시,105,교현동,BICYCLE,4313010500,43130003,충청북도 충주시3,충청북도 충주시 교현동(탑이용원 부근),4,5,1,0,2,2,127.9369611,36.97206739,기타
6096178,2015046,43,충청북도,112,서원구,101,사직동,BICYCLE,4311210100,43112003,충청북도 청주시 서원구3,충청북도 청주시 서원구 사직동(국보로사거리 부근),5,5,0,1,4,0,127.4765322,36.63542175,기타
6096191,2015046,43,충청북도,130,충주시,105,교현동,BICYCLE,4313010500,43130004,충청북도 충주시4,충청북도 충주시 교현동(법원사거리 부근),4,4,0,2,1,1,127.9286998,36.98223059,기타
6096224,2015046,43,충청북도,111,청주상당구,124,용암동,BICYCLE,4311112400,43111004,충청북도 청주시 상당구4,충청북도 청주시 상당구 용암동(방서사거리 부근),4,4,0,1,3,0,127.5009504,36.60575567,기타
6096252,2015046,43,충청북도,111,청주상당구,119,영운동,BICYCLE,4311111900,43111001,충청북도 청주시 상당구1,충청북도 청주시 상당구 영운동(영운사거리 부근),4,4,1,3,0,0,127.4993067,36.61638438,기타
6097383,2015046,43,충청북도,111,청주상당구,126,방서동,BICYCLE,4311112600,43111002,충청북도 청주시 상당구2,충청북도 청주시 상당구 방서동(금석교사거리 부근),4,4,0,3,1,0,127.4931292,36.62584754,기타
6097384,2015046,43,충청북도,111,청주상당구,109,서문동,BICYCLE,4311110900,43111003,충청북도 청주시 상당구3,충청북도 청주시 상당구 서문동((서문동새마을금고) 부근),4,4,0,3,0,1,127.486512,36.63409344,기타
6097387,2015046,43,충청북도,112,서원구,107,수곡동,BICYCLE,4311210700,43112001,충청북도 청주시 서원구1,충청북도 청주시 서원구 수곡동(법원사거리 부근),8,11,0,3,8,0,127.4872601,36.617734,기타
6097388,2015046,43,충청북도,112,서원구,102,사창동,BICYCLE,4311210200,43112002,충청북도 청주시 서원구2,충청북도 청주시 서원구 사창동(사창사거리 부근),7,7,0,2,4,1,127.4600446,36.63480442,기타
6097389,2015046,43,충청북도,113,청주흥덕구,104,운천동,BICYCLE,4311310400,43113002,충청북도 청주시 흥덕구2,충청북도 청주시 흥덕구 운천동((예술2로사운로) 부근),5,7,0,4,3,0,127.4788811,36.64411361,기타
6097390,2015046,43,충청북도,113,청주흥덕구,114,복대동,BICYCLE,4311311400,43113005,충청북도 청주시 흥덕구5,충청북도 청주시 흥덕구 복대동(복대사거리 부근),4,4,0,2,2,0,127.4401859,36.63273746,기타
6097391,2015046,43,충청북도,113,청주흥덕구,114,복대동,BICYCLE,4311311400,43113003,충청북도 청주시 흥덕구3,충청북도 청주시 흥덕구 복대동((목련길진재마루길) 부근),5,6,0,1,5,0,127.4295219,36.63358099,기타
6097392,2015046,43,충청북도,113,청주흥덕구,114,복대동,BICYCLE,4311311400,43113001,충청북도 청주시 흥덕구1,충청북도 청주시 흥덕구 복대동(금강운수(주) 청주지점(금강렌트카) 부근),6,6,0,2,4,0,127.4461708,36.63410285,기타
6097393,2015046,43,충청북도,130,충주시,106,용산동,BICYCLE,4313010600,43130002,충청북도 충주시2,충청북도 충주시 용산동(남부자동차정비공업사 부근),5,5,0,3,2,0,127.9339473,36.96495969,기타
6097394,2015046,43,충청북도,150,제천시,101,의림동,BICYCLE,4315010100,43150001,충청북도 제천시1,충청북도 제천시 의림동((영광숯불갈비) 부근),6,9,1,5,2,1,128.2099523,37.13928379,기타
6097395,2015046,43,충청북도,150,제천시,110,영천동,BICYCLE,4315011000,43150002,충청북도 제천시2,충청북도 제천시 영천동(남부교회앞교차로 부근),5,5,0,2,3,0,128.2041554,37.1296255,기타
6097396,2015046,43,충청북도,740,영동군,250,영동읍,BICYCLE,4374025000,43740001,충청북도 영동군1,충청북도 영동군 영동읍(반달묵은지삼겹살 부근),4,4,0,1,3,0,127.7809198,36.1736618,기타
6097397,2015046,43,충청북도,745,증평군,250,증평읍,BICYCLE,4374525023,43745001,충청북도 증평군1,충청북도 증평군 증평읍(주덕상회 부근),5,6,0,1,4,1,127.5818301,36.78266211,기타
6097751,2015048,43,충청북도,112,서원구,101,사직동,OLDMAN,4311210100,43112003,충청북도 청주시 서원구3,충청북도 청주시 서원구 사직동(국보로사거리 부근),3,3,0,3,0,0,127.4756709,36.63545764,노약자
6097891,2015048,43,충청북도,113,청주흥덕구,115,봉명동,OLDMAN,4311311500,43113001,충청북도 청주시 흥덕구1,충청북도 청주시 흥덕구 봉명동(봉명사거리 부근),4,4,0,3,1,0,127.4625239,36.64294568,노약자
6097975,2015048,43,충청북도,150,제천시,109,화산동,OLDMAN,4315010900,43150004,충청북도 제천시4,충청북도 제천시 화산동(성광당 부근),4,4,0,2,2,0,128.2087492,37.13438195,노약자
6098325,2015048,43,충청북도,113,청주흥덕구,320,옥산면,OLDMAN,4311332000,43113003,충청북도 청주시 흥덕구3,충청북도 청주시 흥덕구 옥산면(- 인근),3,3,0,1,2,0,127.373831,36.66555735,노약자
6100078,2015048,43,충청북도,112,서원구,103,모충동,OLDMAN,4311210300,43112002,충청북도 청주시 서원구2,충청북도 청주시 서원구 모충동((법원2로법원뒷길) 부근),3,3,0,3,0,0,127.487296,36.6198463,노약자
6100079,2015048,43,충청북도,113,청주흥덕구,114,복대동,OLDMAN,4311311400,43113002,충청북도 청주시 흥덕구2,충청북도 청주시 흥덕구 복대동(복대사거리 부근),3,3,0,2,1,0,127.4412364,36.63353641,노약자
6100080,2015048,43,충청북도,150,제천시,103,동현동,OLDMAN,4315010300,43150002,충청북도 제천시2,충청북도 제천시 동현동(세무서사거리 부근),9,9,1,8,0,0,128.2080098,37.12879459,노약자
6100084,2015048,43,충청북도,150,제천시,104,남천동,OLDMAN,4315010400,43150001,충청북도 제천시1,충청북도 제천시 남천동(남천약국앞교차로 부근),10,11,0,7,4,0,128.2119487,37.13742049,노약자
6100604,2015048,43,충청북도,111,청주상당구,111,석교동,OLDMAN,4311111100,43111002,충청북도 청주시 상당구2,충청북도 청주시 상당구 석교동(모충사거리 부근),4,4,0,4,0,0,127.4889406,36.62535674,노약자
6100605,2015048,43,충청북도,111,청주상당구,111,석교동,OLDMAN,4311111100,43111001,충청북도 청주시 상당구1,충청북도 청주시 상당구 석교동(고려주차장 부근),13,20,3,10,7,0,127.4921347,36.62827078,노약자
6100606,2015048,43,충청북도,112,서원구,102,사창동,OLDMAN,4311210200,43112001,충청북도 청주시 서원구1,충청북도 청주시 서원구 사창동((주성아파트9동) 부근),5,5,0,3,2,0,127.4596221,36.63412049,노약자
6100607,2015048,43,충청북도,150,제천시,113,청전동,OLDMAN,4315011300,43150003,충청북도 제천시3,충청북도 제천시 청전동((유명카써비스) 부근),4,4,1,2,1,0,128.2137484,37.14577866,노약자
6100608,2015048,43,충청북도,730,옥천군,250,옥천읍,OLDMAN,4373025036,43730001,충청북도 옥천군1,충청북도 옥천군 옥천읍(하나로마트 부근),6,6,0,5,1,0,127.5670472,36.30049611,노약자
6100894,2015049,43,충청북도,130,충주시,125,지현동,CHILD,4313012500,43130001,충청북도 충주시1,충청북도 충주시 지현동 남산초등학교 부근,3,4,0,1,3,0,127.9363345,36.9614967,어린이
6100975,2015049,43,충청북도,111,청주상당구,124,용암동,CHILD,4311112400,43111001,충청북도 청주시 상당구1,충청북도 청주시 상당구 용암동((건영아파트103동) 부근),3,3,0,2,1,0,127.5019234,36.61148922,어린이
6101006,2015049,43,충청북도,113,청주흥덕구,114,복대동,CHILD,4311311400,43113001,충청북도 청주시 흥덕구1,충청북도 청주시 흥덕구 복대동(중앙초교앞 부근),3,3,0,3,0,0,127.4263981,36.63477929,어린이
6101031,2015049,43,충청북도,770,음성군,340,대소면,CHILD,4377034000,43770001,충청북도 음성군1,충청북도 음성군 대소면(오산교(서측) 부근),3,3,0,0,3,0,127.4873727,36.96759822,어린이
6101147,2015049,43,충청북도,112,서원구,108,성화동,CHILD,4311210800,43112001,충청북도 청주시 서원구1,충청북도 청주시 서원구 성화동((지방도594호선구룡로) 부근),3,4,0,3,1,0,127.4473974,36.6172881,어린이
6101149,2015049,43,충청북도,150,제천시,116,장락동,CHILD,4315011600,43150002,충청북도 제천시2,충청북도 제천시 장락동(제천여자중학교앞 부근),3,3,0,3,0,0,128.2174116,37.15195916,어린이
6101224,2015049,43,충청북도,150,제천시,105,교동,CHILD,4315010500,43150001,충청북도 제천시1,충청북도 제천시 교동((장영도치과) 부근),4,5,0,1,4,0,128.2116284,37.13914379,어린이
6103606,2015052,43,충청북도,111,청주상당구,106,남문로2가동,JAYWALKING,4311110600,150243001,충북 청주상당1,충청북도 청주시 상당구 남문로2가동((두리빌라) 부근),6,6,0,2,4,0,127.4911348,36.63062191,기타
6103711,2015052,43,충청북도,112,서원구,102,사창동,JAYWALKING,4311210200,151343002,충북 청주흥덕2,충청북도 청주시 서원구 사창동(사직사거리 부근),3,4,2,1,1,0,127.4812748,36.63618886,기타
6104220,2015052,43,충청북도,113,청주흥덕구,115,봉명동,JAYWALKING,4311311500,151343001,충북 청주흥덕1,충청북도 청주시 흥덕구 봉명동(봉명사거리 부근),11,11,1,8,2,0,127.4621598,36.64291093,기타
6107928,2016040,43,충청북도,112,서원구,108,성화동,SCHOOLZONE,4311210800,43112002,충청북도 청주시 서원구2,충청북도 청주시 서원구 성화동(성화초교 부근),2,2,0,0,2,0,127.4556251,36.61729566,어린이
6107943,2016040,43,충청북도,114,청주청원구,102,내덕동,SCHOOLZONE,4311410200,43114001,충청북도 청주시 청원구1,충청북도 청주시 청원구 내덕동(내덕초교 부근),2,2,0,1,1,0,127.4948754,36.65756471,어린이
6138867,2016040,43,충청북도,111,청주상당구,124,용암동,SCHOOLZONE,4311112400,43111001,충청북도 청주시 상당구1,충청북도 청주시 상당구 용암동(상당초교 부근),2,2,0,0,2,0,127.5094466,36.60878012,어린이
6138868,2016040,43,충청북도,112,서원구,106,분평동,SCHOOLZONE,4311210600,43112001,충청북도 청주시 서원구1,충청북도 청주시 서원구 분평동(원평초교 부근),2,3,0,0,3,0,127.494313,36.61105896,어린이
6165104,2016044,43,충청북도,111,청주상당구,112,수동,CHILD,4311111200,43111001,충청북도 청주시 상당구1,충청북도 청주시 상당구 수동((청주상공회의소) 부근),3,4,0,3,1,0,127.4901897,36.63807406,어린이
6165428,2016044,43,충청북도,114,청주청원구,103,율량동,CHILD,4311410300,43114001,충청북도 청주시 청원구1,충청북도 청주시 청원구 율량동((신동아아파트3동) 부근),3,3,0,1,2,0,127.4794659,36.66630755,어린이
6165454,2016044,43,충청북도,750,진천군,250,진천읍,CHILD,4375025024,43750001,충청북도 진천군1,충청북도 진천군 진천읍(은희진피아노학원 부근),3,3,0,1,2,0,127.4397161,36.85488352,어린이
6169592,2016044,43,충청북도,112,서원구,108,성화동,CHILD,4311210800,43112001,충청북도 청주시 서원구1,충청북도 청주시 서원구 성화동(성동교회 부근),4,5,0,0,5,0,127.4558068,36.6170923,어린이
6169593,2016044,43,충청북도,114,청주청원구,105,주성동,CHILD,4311410500,43114002,충청북도 청주시 청원구2,충청북도 청주시 청원구 주성동(율량대원칸타빌1차아파트 부근),3,3,0,1,2,0,127.497846,36.67230022,어린이
6169594,2016044,43,충청북도,114,청주청원구,102,내덕동,CHILD,4311410200,43114003,충청북도 청주시 청원구3,충청북도 청주시 청원구 내덕동((예대로광명로) 부근),3,3,0,1,2,0,127.4936395,36.65775539,어린이
6222371,2016146,43,충청북도,150,제천시,104,남천동,OLDMAN,4315010400,43150001,충청북도 제천시1,충청북도 제천시 남천동(남천약국앞교차로 부근),5,5,1,3,1,0,128.2128959,37.13703712,노약자
6222372,2016146,43,충청북도,112,서원구,107,수곡동,OLDMAN,4311210700,43112001,충청북도 청주시 서원구1,충청북도 청주시 서원구 수곡동((산남주공2단지아파트201동) 부근),4,5,0,1,3,1,127.4763294,36.61829319,노약자
6222373,2016146,43,충청북도,130,충주시,127,문화동,OLDMAN,4313012700,43130001,충청북도 충주시1,충청북도 충주시 문화동(대봉교 부근),5,5,0,4,1,0,127.9278793,36.97554801,노약자
6222374,2016146,43,충청북도,112,서원구,107,수곡동,OLDMAN,4311210700,43112002,충청북도 청주시 서원구2,충청북도 청주시 서원구 수곡동((세원청실아파트103동) 부근),3,3,0,3,0,0,127.4735879,36.61551477,노약자
6222386,2016146,43,충청북도,150,제천시,105,교동,OLDMAN,4315010500,43150002,충청북도 제천시2,충청북도 제천시 교동(중앙교차로 부근),3,3,1,1,1,0,128.2119338,37.14061985,노약자
6222387,2016146,43,충청북도,730,옥천군,250,옥천읍,OLDMAN,4373025036,43730001,충청북도 옥천군1,충청북도 옥천군 옥천읍(길목야식 부근),3,3,0,2,1,0,127.5673579,36.30116738,노약자
6222448,2016146,43,충청북도,111,청주상당구,111,석교동,OLDMAN,4311111100,43111001,충청북도 청주시 상당구1,충청북도 청주시 상당구 석교동(창문외과의원 부근),7,8,0,5,3,0,127.491589,36.62808947,노약자
6222449,2016146,43,충청북도,113,청주흥덕구,115,봉명동,OLDMAN,4311311500,43113001,충청북도 청주시 흥덕구1,충청북도 청주시 흥덕구 봉명동(봉명사거리 부근),6,6,1,4,1,0,127.4635185,36.64327619,노약자
6222450,2016146,43,충청북도,113,청주흥덕구,114,복대동,OLDMAN,4311311400,43113002,충청북도 청주시 흥덕구2,충청북도 청주시 흥덕구 복대동(김밥마당 부근),4,5,0,4,0,1,127.4395464,36.63254762,노약자
6222451,2016146,43,충청북도,114,청주청원구,103,율량동,OLDMAN,4311410300,43114002,충청북도 청주시 청원구2,충청북도 청주시 청원구 율량동(- 인근),4,4,2,1,1,0,127.4845852,36.66919671,노약자
6222452,2016146,43,충청북도,114,청주청원구,101,우암동,OLDMAN,4311410100,43114001,충청북도 청주시 청원구1,충청북도 청주시 청원구 우암동(우암사거리 부근),6,6,0,3,3,0,127.4860016,36.64951823,노약자
6222538,2016146,43,충청북도,111,청주상당구,112,수동,OLDMAN,4311111200,43111003,충청북도 청주시 상당구3,충청북도 청주시 상당구 수동((청수빌딩) 부근),5,6,0,3,3,0,127.4919569,36.64040908,노약자
6222678,2016146,43,충청북도,111,청주상당구,108,서운동,OLDMAN,4311110800,43111002,충청북도 청주시 상당구2,충청북도 청주시 상당구 서운동((중부매일) 부근),5,5,1,0,3,1,127.4929644,36.63224157,노약자
6222827,2016146,43,충청북도,112,서원구,101,사직동,OLDMAN,4311210100,43112003,충청북도 청주시 서원구3,충청북도 청주시 서원구 사직동((예술2로국보로) 부근),3,3,0,1,2,0,127.4755567,36.64289497,노약자
6222884,2016146,43,충청북도,111,청주상당구,120,금천동,OLDMAN,4311112000,43111004,충청북도 청주시 상당구4,충청북도 청주시 상당구 금천동((진주아파트A동) 부근),4,4,2,0,2,0,127.4943185,36.62353315,노약자
6223130,2016152,43,충청북도,112,서원구,102,사창동,JAYWALKING,4311210200,43112001,충청북도 청주시 서원구1,충청북도 청주시 서원구 사창동((현대아파트4동) 부근),5,5,1,3,1,0,127.4578201,36.63465766,기타
6223353,2016147,43,충청북도,113,청주흥덕구,114,복대동,BICYCLE,4311311400,43113003,충청북도 청주시 흥덕구3,충청북도 청주시 흥덕구 복대동(산업단지육거리 부근),4,4,0,1,3,0,127.4491171,36.63350202,기타
6223423,2016147,43,충청북도,113,청주흥덕구,114,복대동,BICYCLE,4311311400,43113004,충청북도 청주시 흥덕구4,충청북도 청주시 흥덕구 복대동((목련길진재마루길) 부근),4,4,0,1,3,0,127.4293595,36.63551739,기타
6223434,2016147,43,충청북도,112,서원구,101,사직동,BICYCLE,4311210100,43112002,충청북도 청주시 서원구2,충청북도 청주시 서원구 사직동(사직사거리 부근),6,6,0,3,3,0,127.4809674,36.6360688,기타
6223435,2016147,43,충청북도,111,청주상당구,119,영운동,BICYCLE,4311111900,43111001,충청북도 청주시 상당구1,충청북도 청주시 상당구 영운동(중동교 부근),5,5,0,0,5,0,127.5044762,36.61749935,기타
6223436,2016147,43,충청북도,112,서원구,103,모충동,BICYCLE,4311210300,43112001,충청북도 청주시 서원구1,충청북도 청주시 서원구 모충동((지방도594호선서남들로) 부근),8,8,0,1,7,0,127.48665,36.62583211,기타
6223440,2016147,43,충청북도,114,청주청원구,102,내덕동,BICYCLE,4311410200,43114002,충청북도 청주시 청원구2,충청북도 청주시 청원구 내덕동(제2운천교사거리 부근),5,5,0,1,4,0,127.4732201,36.65633412,기타
6223441,2016147,43,충청북도,113,청주흥덕구,113,가경동,BICYCLE,4311311300,43113001,충청북도 청주시 흥덕구1,충청북도 청주시 흥덕구 가경동(도곡한의원앞 부근),5,6,0,2,4,0,127.4307325,36.62231386,기타
6223442,2016147,43,충청북도,113,청주흥덕구,115,봉명동,BICYCLE,4311311500,43113002,충청북도 청주시 흥덕구2,충청북도 청주시 흥덕구 봉명동(봉명1동사거리 부근),5,5,0,2,3,0,127.4606,36.64038575,기타
6223443,2016147,43,충청북도,114,청주청원구,102,내덕동,BICYCLE,4311410200,43114001,충청북도 청주시 청원구1,충청북도 청주시 청원구 내덕동(율량교사거리 부근),5,5,0,2,3,0,127.4933252,36.66514286,기타
6223444,2016147,43,충청북도,130,충주시,105,교현동,BICYCLE,4313010500,43130002,충청북도 충주시2,충청북도 충주시 교현동(탑이용원 부근),5,5,0,3,2,0,127.9365695,36.97158225,기타
6223445,2016147,43,충청북도,130,충주시,127,문화동,BICYCLE,4313012700,43130001,충청북도 충주시1,충청북도 충주시 문화동(문화사거리 부근),6,6,0,3,3,0,127.9227611,36.97303266,기타
6223446,2016147,43,충청북도,130,충주시,105,교현동,BICYCLE,4313010500,43130003,충청북도 충주시3,충청북도 충주시 봉방동(교현아파트 부근),4,6,0,3,1,2,127.9347822,36.98050856,기타
6223447,2016147,43,충청북도,130,충주시,107,호암동,BICYCLE,4313010700,43130004,충청북도 충주시4,충청북도 충주시 호암동(지산조경 부근),4,4,0,1,2,1,127.9258321,36.96190035,기타
6223448,2016147,43,충청북도,150,제천시,113,청전동,BICYCLE,4315011300,43150001,충청북도 제천시1,충청북도 제천시 하소동(청전사거리 부근),4,4,0,0,2,2,128.2146505,37.15039095,기타
6223449,2016147,43,충청북도,745,증평군,250,증평읍,BICYCLE,4374525022,43745001,충청북도 증평군1,충청북도 증평군 증평읍(증평사거리 부근),5,5,0,0,4,1,127.5825037,36.78529691,기타
6223613,2016147,43,충청북도,112,서원구,102,사창동,BICYCLE,4311210200,43112003,충청북도 청주시 서원구3,충청북도 청주시 서원구 사창동((현대아파트4동) 부근),6,6,0,2,4,0,127.4587136,36.63467768,기타
6229768,2017026,43,충청북도,112,서원구,107,수곡동,SCHOOLZONE,4311210700,43112001,충청북도 청주시 서원구1,충청북도 청주시 서원구 수곡동(수곡초교 부근),2,2,0,1,1,0,127.4717396,36.61869789,어린이
6230080,2017026,43,충청북도,150,제천시,116,장락동,SCHOOLZONE,4315011600,43150001,충청북도 제천시1,충청북도 제천시 장락동(장락초교 부근),3,3,0,2,1,0,128.2238903,37.1548378,어린이
6231367,2017027,43,충청북도,750,진천군,250,진천읍,CHILD,4375025024,43750001,충청북도 진천군1,충청북도 진천군 진천읍(진천읍사무소 부근),4,4,0,2,2,0,127.4415673,36.85450582,어린이
6232956,2017027,43,충청북도,112,서원구,107,수곡동,CHILD,4311210700,43112001,충청북도 청주시 서원구1,충청북도 청주시 서원구 수곡동(산남세원청실아파트103동 부근),6,6,0,3,3,0,127.4723727,36.61741838,어린이
6233594,2017027,43,충청북도,112,서원구,106,분평동,CHILD,4311210600,43112002,충청북도 청주시 서원구2,충청북도 청주시 서원구 분평동(청주서원도서관 부근),5,5,0,0,5,0,127.4892156,36.60854459,어린이
6233595,2017027,43,충청북도,150,제천시,116,장락동,CHILD,4315011600,43150001,충청북도 제천시1,충청북도 제천시 장락동(장락주공아파트1단지 부근),3,3,0,2,1,0,128.2238802,37.1553387,어린이
6242839,2017029,43,충청북도,111,청주상당구,124,용암동,OLDMAN,4311112400,43111005,충청북도 청주시 상당구5,충청북도 청주시 상당구 용암동((현대3차아파트305동) 부근),3,3,0,1,2,0,127.5047636,36.61022704,노약자
6242859,2017029,43,충청북도,150,제천시,111,하소동,OLDMAN,4315011100,43150004,충청북도 제천시4,충청북도 제천시 하소동((하소주공아파트2단지208동) 부근),3,3,0,3,0,0,128.1990122,37.14313831,노약자
6242898,2017029,43,충청북도,130,충주시,118,연수동,OLDMAN,4313011800,43130002,충청북도 충주시2,충청북도 충주시 연수동(두레고속관광(주) 부근),3,3,0,1,2,0,127.9284362,36.98730663,노약자
6243053,2017029,43,충청북도,111,청주상당구,124,용암동,OLDMAN,4311112400,43111003,충청북도 청주시 상당구3,충청북도 청주시 상당구 용암동(태산아파트앞 부근),4,5,1,2,2,0,127.5109365,36.61292212,노약자
6243176,2017029,43,충청북도,150,제천시,101,의림동,OLDMAN,4315010100,43150001,충청북도 제천시1,충청북도 제천시 의림동(중앙교차로 부근),7,7,1,4,2,0,128.2115604,37.1412338,노약자
6243208,2017029,43,충청북도,114,청주청원구,103,율량동,OLDMAN,4311410300,43114001,충청북도 청주시 청원구1,충청북도 청주시 청원구 율량동((신동아아파트3동) 부근),3,3,0,2,1,0,127.479947,36.66648793,노약자
6243294,2017029,43,충청북도,113,청주흥덕구,139,석소동,OLDMAN,4311313900,43113001,충청북도 청주시 흥덕구1,충청북도 청주시 흥덕구 석소동(청주IC입구 인근),2,2,2,0,0,0,127.3818553,36.62097756,노약자
6251514,2017029,43,충청북도,111,청주상당구,105,남문로1가동,OLDMAN,4311110500,43111001,충청북도 청주시 상당구1,충청북도 청주시 상당구 남문로1가동(직지고속관광운수(주) 부근),11,11,0,10,1,0,127.4914031,36.62845902,노약자
6251516,2017029,43,충청북도,111,청주상당구,102,북문로1가동,OLDMAN,4311110200,43111002,충청북도 청주시 상당구2,충청북도 청주시 상당구 북문로1가동(제일은행청주지점 부근),8,9,0,6,3,0,127.4887934,36.63558552,노약자
6251517,2017029,43,충청북도,112,서원구,103,모충동,OLDMAN,4311210300,43112001,충청북도 청주시 서원구1,충청북도 청주시 서원구 모충동(- 인근),2,2,1,1,0,0,127.4878947,36.62141921,노약자
6251518,2017029,43,충청북도,111,청주상당구,117,탑동,OLDMAN,4311111700,43111004,충청북도 청주시 상당구4,충청북도 청주시 상당구 탑동((굿모닝메디칼) 부근),3,5,0,2,3,0,127.5031177,36.63057265,노약자
6251519,2017029,43,충청북도,113,청주흥덕구,115,봉명동,OLDMAN,4311311500,43113002,충청북도 청주시 흥덕구2,충청북도 청주시 흥덕구 봉명동(봉명사거리 부근),2,2,1,1,0,0,127.4625889,36.64298107,노약자
6251824,2017029,43,충청북도,130,충주시,105,교현동,OLDMAN,4313010500,43130001,충청북도 충주시1,충청북도 충주시 교현동(할머니경로당 부근),3,4,0,3,0,1,127.9319707,36.97509295,노약자
6251825,2017029,43,충청북도,150,제천시,109,화산동,OLDMAN,4315010900,43150002,충청북도 제천시2,충청북도 제천시 화산동(장미연립 부근),4,4,0,3,1,0,128.2102104,37.1341656,노약자
6251826,2017029,43,충청북도,150,제천시,109,화산동,OLDMAN,4315010900,43150003,충청북도 제천시3,충청북도 제천시 화산동((원주여인숙) 부근),3,3,1,2,0,0,128.2068423,37.12839528,노약자
6251828,2017029,43,충청북도,740,영동군,250,영동읍,OLDMAN,4374025021,43740001,충청북도 영동군1,충청북도 영동군 영동읍(중앙사거리 부근),5,5,1,2,2,0,127.7785857,36.17595513,노약자
6251829,2017029,43,충청북도,745,증평군,250,증평읍,OLDMAN,4374525025,43745001,충청북도 증평군1,충청북도 증평군 증평읍(선경철공사 부근),4,4,0,1,3,0,127.5813173,36.78217276,노약자
6251830,2017029,43,충청북도,770,음성군,253,금왕읍,OLDMAN,4377025321,43770001,충청북도 음성군1,충청북도 음성군 금왕읍(크라운모텔.목욕탕 부근),3,3,0,2,1,0,127.5929293,36.99271549,노약자
6302399,2017050,43,충청북도,111,청주상당구,119,영운동,BICYCLE,4311111900,43111003,충청북도 청주시 상당구3,충청북도 청주시 상당구 영운동((안상선내과) 부근),4,4,0,3,1,0,127.4981212,36.61852093,기타
6302456,2017050,43,충청북도,130,충주시,105,교현동,BICYCLE,4313010500,43130004,충청북도 충주시4,충청북도 충주시 교현동(삼성자원 부근),4,4,0,1,3,0,127.9346782,36.98037893,기타
6302737,2017050,43,충청북도,113,청주흥덕구,114,복대동,BICYCLE,4311311400,43113002,충청북도 청주시 흥덕구2,충청북도 청주시 흥덕구 복대동((덕일아파트4동) 부근),4,4,0,0,3,1,127.4409893,36.62815238,기타
6302918,2017050,43,충청북도,113,청주흥덕구,113,가경동,BICYCLE,4311311300,43113001,충청북도 청주시 흥덕구1,충청북도 청주시 흥덕구 가경동((풍산로터미널로) 부근),4,4,0,1,2,1,127.4324124,36.62604733,기타
6302969,2017050,43,충청북도,112,서원구,103,모충동,BICYCLE,4311210300,43112006,충청북도 청주시 서원구6,충청북도 청주시 서원구 모충동(모충사거리 부근),4,4,0,1,2,1,127.4883461,36.62439185,기타
6302975,2017050,43,충청북도,130,충주시,115,봉방동,BICYCLE,4313011500,43130003,충청북도 충주시3,충청북도 충주시 봉방동(봉계사거리 부근),4,4,0,2,2,0,127.9180521,36.9782833,기타
6303055,2017050,43,충청북도,111,청주상당구,117,탑동,BICYCLE,4311111700,43111004,충청북도 청주시 상당구4,충청북도 청주시 상당구 탑동((현대아파트105동) 부근),4,4,0,1,3,0,127.5019127,36.63088951,기타
6319030,2017050,43,충청북도,111,청주상당구,108,서운동,BICYCLE,4311110800,43111001,충청북도 청주시 상당구1,충청북도 청주시 상당구 서운동(직지고속관광운수(주) 부근),9,9,0,1,8,0,127.4913318,36.62839739,기타
6319031,2017050,43,충청북도,111,청주상당구,101,영동,BICYCLE,4311110100,43111002,충청북도 청주시 상당구2,충청북도 청주시 상당구 영동(파리바게트 부근),4,4,1,2,0,1,127.4873182,36.63666385,기타
6319033,2017050,43,충청북도,112,서원구,101,사직동,BICYCLE,4311210100,43112001,충청북도 청주시 서원구1,충청북도 청주시 서원구 사직동(사직사거리 부근),8,8,0,3,5,0,127.4808963,36.6361534,기타
6319034,2017050,43,충청북도,112,서원구,102,사창동,BICYCLE,4311210200,43112002,충청북도 청주시 서원구2,충청북도 청주시 서원구 사창동((현대아파트4동) 부근),6,6,0,5,1,0,127.4585393,36.63468053,기타
6319035,2017050,43,충청북도,112,서원구,108,성화동,BICYCLE,4311210800,43112005,충청북도 청주시 서원구5,충청북도 청주시 서원구 성화동(- 인근),4,4,0,1,3,0,127.4557032,36.61714853,기타
6319036,2017050,43,충청북도,112,서원구,101,사직동,BICYCLE,4311210100,43112003,충청북도 청주시 서원구3,충청북도 청주시 서원구 사직동(운동장삼거리 부근),5,5,0,1,4,0,127.4732173,36.63557816,기타
6319037,2017050,43,충청북도,112,서원구,106,분평동,BICYCLE,4311210600,43112007,충청북도 청주시 서원구7,충청북도 청주시 서원구 분평동((대원아파트905동) 부근),4,4,0,0,3,1,127.4896949,36.60794288,기타
6319038,2017050,43,충청북도,114,청주청원구,101,우암동,BICYCLE,4311410100,43114001,충청북도 청주시 청원구1,충청북도 청주시 청원구 우암동((쌍둥이빌딩) 부근),4,4,0,0,2,2,127.487386,36.6508914,기타
6319039,2017050,43,충청북도,130,충주시,118,연수동,BICYCLE,4313011800,43130005,충청북도 충주시5,충청북도 충주시 연수동(두레고속관광(주) 부근),4,4,0,0,4,0,127.9284823,36.98672803,기타
6319345,2017050,43,충청북도,130,충주시,105,교현동,BICYCLE,4313010500,43130002,충청북도 충주시2,충청북도 충주시 교현동(대가미사거리 부근),4,4,0,4,0,0,127.9276035,36.9774095,기타
6319347,2017050,43,충청북도,130,충주시,127,문화동,BICYCLE,4313012700,43130001,충청북도 충주시1,충청북도 충주시 문화동(대웅약국 부근),5,6,0,2,2,2,127.9294926,36.97299332,기타
6319348,2017050,43,충청북도,745,증평군,250,증평읍,BICYCLE,4374525026,43745001,충청북도 증평군1,충청북도 증평군 증평읍(증평사거리 부근),7,8,0,1,4,3,127.582284,36.78539912,기타
6320951,2017050,43,충청북도,112,서원구,106,분평동,BICYCLE,4311210600,43112004,충청북도 청주시 서원구4,충청북도 청주시 서원구 분평동((분평주공3단지아파트321동) 부근),4,4,0,2,2,0,127.4950934,36.61345638,기타
6345473,2017081,43,충청북도,112,서원구,104,산남동,JAYWALKING,4311210400,151443001,충북 청주청남1,충청북도 청주시 서원구 산남동(- 인근),5,5,0,4,1,0,127.4684254,36.61160403,기타
6345584,2017081,43,충청북도,150,제천시,109,화산동,JAYWALKING,4315010900,150543001,충북 제천1,충청북도 제천시 화산동((현대타이어) 부근),4,4,0,1,2,1,128.2080528,37.13408324,기타
6345593,2017081,43,충청북도,150,제천시,101,의림동,JAYWALKING,4315010100,150543002,충북 제천2,충청북도 제천시 의림동((합동주유소) 부근),3,3,1,1,1,0,128.2107881,37.14147693,기타
6345684,2017081,43,충청북도,111,청주상당구,106,남문로2가동,JAYWALKING,4311110600,151443002,충북 청주청남2,충청북도 청주시 상당구 남문로2가동(구남궁병원사거리 부근),5,6,0,0,6,0,127.4909064,36.63183575,기타
6345689,2017081,43,충청북도,770,음성군,253,금왕읍,JAYWALKING,4377025321,150943001,충북 음성1,충청북도 음성군 금왕읍(건강약국 부근),5,5,0,3,2,0,127.5923643,36.99266823,기타
6393994,2018027,43,충청북도,113,청주흥덕구,115,봉명동,SCHOOLZONE,4311311500,43113002,충청북도 청주시 흥덕구2,충청북도 청주시 흥덕구 봉명동(봉명초교 부근),2,2,0,0,2,0,127.4573466,36.63904045,어린이
6394225,2018027,43,충청북도,113,청주흥덕구,114,복대동,SCHOOLZONE,4311311400,43113001,충청북도 청주시 흥덕구1,충청북도 청주시 흥덕구 복대동(복대초교 부근),2,2,0,1,1,0,127.4480355,36.62839005,어린이
6394248,2018027,43,충청북도,113,청주흥덕구,320,옥산면,SCHOOLZONE,4311332021,43113003,충청북도 청주시 흥덕구3,충청북도 청주시 흥덕구 옥산면(옥산초교 부근),1,1,1,0,0,0,127.3763211,36.66423186,어린이
6394558,2018027,43,충청북도,112,서원구,106,분평동,SCHOOLZONE,4311210600,43112001,충청북도 청주시 서원구1,충청북도 청주시 서원구 분평동(남평초교 부근),2,2,0,1,1,0,127.4887687,36.61167849,어린이
6395197,2018028,43,충청북도,112,서원구,107,수곡동,CHILD,4311210700,43112002,충청북도 청주시 서원구2,충청북도 청주시 서원구 수곡동(장생한의원 부근),3,3,0,1,2,0,127.4723555,36.61648936,어린이
6395225,2018028,43,충청북도,112,서원구,104,산남동,CHILD,4311210400,43112001,충청북도 청주시 서원구1,충청북도 청주시 서원구 산남동(청풍식물원 부근),3,4,0,2,2,0,127.4711735,36.60723967,어린이
6396146,2018028,43,충청북도,114,청주청원구,104,사천동,CHILD,4311410400,43114001,충청북도 청주시 청원구1,충청북도 청주시 청원구 사천동(박미숙수학학원 사천캠퍼스 부근),3,4,0,1,3,0,127.47408,36.66345843,어린이
6397244,2018029,43,충청북도,130,충주시,124,충의동,OLDMAN,4313012400,43130002,충청북도 충주시2,충청북도 충주시 충의동(다이소충주점 부근),4,4,0,3,1,0,127.9299856,36.97310337,노약자
6397252,2018029,43,충청북도,730,옥천군,250,옥천읍,OLDMAN,4373025038,43730001,충청북도 옥천군1,충청북도 옥천군 옥천읍(옥천상가 부근),4,4,0,2,2,0,127.5684656,36.30233656,노약자
6397521,2018029,43,충청북도,760,괴산군,250,괴산읍,OLDMAN,4376025021,43760001,충청북도 괴산군1,충청북도 괴산군 괴산읍(하나로약국 부근),3,5,0,4,0,1,127.7976651,36.80957906,노약자
6397599,2018029,43,충청북도,112,서원구,106,분평동,OLDMAN,4311210600,43112007,충청북도 청주시 서원구7,충청북도 청주시 서원구 분평동(선물같은하루 부근),3,3,0,2,1,0,127.4774453,36.61120763,노약자
6397830,2018029,43,충청북도,112,서원구,107,수곡동,OLDMAN,4311210700,43112004,충청북도 청주시 서원구4,충청북도 청주시 서원구 수곡동(한솔초교 부근),4,5,0,3,2,0,127.4753745,36.61775212,노약자
6397965,2018029,43,충청북도,113,청주흥덕구,320,옥산면,OLDMAN,4311332025,43113002,충청북도 청주시 흥덕구2,충청북도 청주시 흥덕구 옥산면(파리바게뜨 청원옥산점 부근),3,3,0,1,2,0,127.3756014,36.66407175,노약자
6398006,2018029,43,충청북도,113,청주흥덕구,114,복대동,OLDMAN,4311311400,43113001,충청북도 청주시 흥덕구1,충청북도 청주시 흥덕구 복대동(복대사거리 부근),3,3,1,2,0,0,127.439252,36.63278521,노약자
6398008,2018029,43,충청북도,130,충주시,127,문화동,OLDMAN,4313012700,43130001,충청북도 충주시1,충청북도 충주시 문화동(충주성모안과의원 부근),4,4,2,0,2,0,127.9265017,36.97291762,노약자
6402879,2018029,43,충청북도,111,청주상당구,111,석교동,OLDMAN,4311111100,43111001,충청북도 청주시 상당구1,충청북도 청주시 상당구 석교동(하나마취통증의학과의원 부근),9,15,1,7,7,0,127.4905013,36.62724136,노약자
6403184,2018029,43,충청북도,111,청주상당구,120,금천동,OLDMAN,4311112000,43111002,충청북도 청주시 상당구2,충청북도 청주시 상당구 금천동(금석교사거리 부근),4,4,0,3,1,0,127.4934894,36.62455312,노약자
6403185,2018029,43,충청북도,111,청주상당구,124,용암동,OLDMAN,4311112400,43111003,충청북도 청주시 상당구3,충청북도 청주시 상당구 용암동(롯데시네마청주용암점 부근),2,2,1,0,1,0,127.504049,36.60615696,노약자
6403186,2018029,43,충청북도,112,서원구,101,사직동,OLDMAN,4311210100,43112008,충청북도 청주시 서원구8,충청북도 청주시 서원구 사직동(충북원예농협하나로마트청주점 부근),2,2,1,1,0,0,127.4790836,36.64109782,노약자
6403187,2018029,43,충청북도,112,서원구,102,사창동,OLDMAN,4311210200,43112002,충청북도 청주시 서원구2,충청북도 청주시 서원구 사창동(사창사거리 부근),4,15,2,3,10,0,127.4603461,36.63475131,노약자
6403188,2018029,43,충청북도,112,서원구,107,수곡동,OLDMAN,4311210700,43112001,충청북도 청주시 서원구1,충청북도 청주시 서원구 수곡동(청주수곡동우체국 부근),5,5,1,4,0,0,127.4855826,36.61414713,노약자
6403189,2018029,43,충청북도,112,서원구,107,수곡동,OLDMAN,4311210700,43112006,충청북도 청주시 서원구6,충청북도 청주시 서원구 수곡동(수곡1동주민센터 부근),3,3,1,1,1,0,127.4802827,36.61854345,노약자
6403190,2018029,43,충청북도,112,서원구,103,모충동,OLDMAN,4311210300,43112005,충청북도 청주시 서원구5,충청북도 청주시 서원구 모충동(청주하나교회 부근),3,3,1,1,1,0,127.4733543,36.62901847,노약자
6403191,2018029,43,충청북도,112,서원구,101,사직동,OLDMAN,4311210100,43112003,충청북도 청주시 서원구3,충청북도 청주시 서원구 사직동(가온셀프주유소 부근),4,4,1,2,1,0,127.4782657,36.6288571,노약자
6403192,2018029,43,충청북도,150,제천시,107,중앙로2가,OLDMAN,4315010700,43150001,충청북도 제천시1,충청북도 제천시 중앙로2가(CU제천로얄점 부근),6,6,0,6,0,0,128.2134649,37.13835082,노약자
6403193,2018029,43,충청북도,150,제천시,109,화산동,OLDMAN,4315010900,43150002,충청북도 제천시2,충청북도 제천시 화산동(누가정형외과의원 부근),4,4,0,3,1,0,128.2076164,37.13174479,노약자
6403194,2018029,43,충청북도,740,영동군,250,영동읍,OLDMAN,4374025021,43740001,충청북도 영동군1,충청북도 영동군 영동읍(중앙사거리 부근),5,5,0,2,3,0,127.7764296,36.17463636,노약자
6403195,2018029,43,충청북도,745,증평군,250,증평읍,OLDMAN,4374525026,43745001,충청북도 증평군1,충청북도 증평군 증평읍(증평시외버스터미널 부근),7,7,0,2,5,0,127.5824902,36.78505818,노약자
6411199,2018032,43,충청북도,112,서원구,106,분평동,BICYCLE,4311210600,43112005,충청북도 청주시 서원구5,충청북도 청주시 서원구 분평동(남평초교 부근),4,4,0,2,2,0,127.4877666,36.61097475,기타
6411290,2018032,43,충청북도,114,청주청원구,102,내덕동,BICYCLE,4311410200,43114001,충청북도 청주시 청원구1,충청북도 청주시 청원구 내덕동(내덕칠거리 부근),4,4,0,1,3,0,127.4883971,36.65722169,기타
6411379,2018032,43,충청북도,113,청주흥덕구,114,복대동,BICYCLE,4311311400,43113001,충청북도 청주시 흥덕구1,충청북도 청주시 흥덕구 복대동(복대사거리 부근),4,4,0,3,1,0,127.4409181,36.6334171,기타
6411473,2018032,43,충청북도,130,충주시,105,교현동,BICYCLE,4313010500,43130001,충청북도 충주시1,충청북도 충주시 교현동(법원사거리 부근),4,4,0,0,4,0,127.9285376,36.98135678,기타
6411579,2018032,43,충청북도,112,서원구,103,모충동,BICYCLE,4311210300,43112002,충청북도 청주시 서원구2,충청북도 청주시 서원구 모충동(SK엔크린 신세계주유소 부근),5,5,0,3,2,0,127.4876084,36.62156737,기타
6411672,2018032,43,충청북도,112,서원구,103,모충동,BICYCLE,4311210300,43112001,충청북도 청주시 서원구1,충청북도 청주시 서원구 모충동(모충사거리 부근),8,8,1,3,4,0,127.4886345,36.62514914,기타
6413454,2018032,43,충청북도,111,청주상당구,106,남문로2가동,BICYCLE,4311110600,43111001,충청북도 청주시 상당구1,충청북도 청주시 상당구 남문로2가동(GS25남문로점 부근),7,7,1,3,3,0,127.4893714,36.63221191,기타
6413455,2018032,43,충청북도,112,서원구,107,수곡동,BICYCLE,4311210700,43112004,충청북도 청주시 서원구4,충청북도 청주시 서원구 수곡동(수영교사거리 부근),4,4,0,2,2,0,127.492394,36.6156359,기타
6413744,2018032,43,충청북도,112,서원구,101,사직동,BICYCLE,4311210100,43112003,충청북도 청주시 서원구3,충청북도 청주시 서원구 사직동(사직사거리 부근),5,5,0,2,3,0,127.4790728,36.63533687,기타
6413748,2018032,43,충청북도,112,서원구,101,사직동,BICYCLE,4311210100,43112006,충청북도 청주시 서원구6,충청북도 청주시 서원구 사직동(모빌팩토리 부근),4,4,0,1,3,0,127.4825954,36.63687026,기타
6422142,2018040,43,충청북도,750,진천군,250,진천읍,VIOLT,4375025027,43750001,충청북도 진천군1,충청북도 진천군 진천읍(잣고개 인근),0,6,0,2,4,0,127.4170563,36.84454808,기타
6422402,2018040,43,충청북도,150,제천시,250,봉양읍,VIOLT,4315025027,43150002,충청북도 제천시2,충청북도 제천시 봉양읍(에덴주유소(주) 부근),0,6,0,1,5,0,128.1090623,37.18454038,기타
6422420,2018040,43,충청북도,114,청주청원구,103,율량동,VIOLT,4311410300,43114002,충청북도 청주시 청원구2,충청북도 청주시 청원구 율량동(진화하이츠앞 부근),0,9,0,0,9,0,127.4938117,36.66723769,기타
6423359,2018042,43,충청북도,150,제천시,121,강제동,VIOLT,4315012100,43150001,충청북도 제천시1,충청북도 제천시 강제동(국가지원지방도82호선몽암길 부근),0,14,0,1,13,0,128.2014169,37.12223136,기타
6423384,2018042,43,충청북도,113,청주흥덕구,113,가경동,VIOLT,4311311300,43113004,충청북도 청주시 흥덕구4,충청북도 청주시 흥덕구 가경동(형석1차아파트105동 부근),0,14,0,3,11,0,127.4374217,36.62764572,기타
6423446,2018042,43,충청북도,130,충주시,114,달천동,VIOLT,4313011400,43130003,충청북도 충주시3,충청북도 충주시 달천동(건국대사거리 부근),0,17,0,1,15,1,127.9066355,36.96603721,기타
6423453,2018042,43,충청북도,130,충주시,118,연수동,VIOLT,4313011800,43130002,충청북도 충주시2,충청북도 충주시 연수동(갱고개로앞교차로 부근),0,9,0,2,6,1,127.9392905,36.98719485,기타
6423511,2018042,43,충청북도,112,서원구,102,사창동,VIOLT,4311210200,43112004,충청북도 청주시 서원구4,충청북도 청주시 서원구 사창동(사창사거리 부근),0,10,0,2,8,0,127.4601117,36.63491255,기타
6423514,2018042,43,충청북도,112,서원구,103,모충동,VIOLT,4311210300,43112001,충청북도 청주시 서원구1,충청북도 청주시 서원구 모충동(모충사거리 부근),0,13,1,4,7,1,127.4888046,36.62478585,기타
6423565,2018042,43,충청북도,130,충주시,118,연수동,VIOLT,4313011800,43130004,충청북도 충주시4,충청북도 충주시 연수동(체육관앞사거리 부근),0,12,0,1,7,4,127.934487,36.98230871,기타
6423615,2018042,43,충청북도,112,서원구,104,산남동,VIOLT,4311210400,43112005,충청북도 청주시 서원구5,충청북도 청주시 서원구 산남동(삼남삼거리 부근),0,9,0,2,7,0,127.4710363,36.61545232,기타
6423619,2018042,43,충청북도,113,청주흥덕구,113,가경동,VIOLT,4311311300,43113002,충청북도 청주시 흥덕구2,충청북도 청주시 흥덕구 가경동(청주터미널앞사거리 부근),0,10,0,4,5,1,127.43059,36.625271,기타
6423634,2018042,43,충청북도,113,청주흥덕구,114,복대동,VIOLT,4311311400,43113001,충청북도 청주시 흥덕구1,충청북도 청주시 흥덕구 복대동(터미널사거리 부근),0,15,0,2,11,2,127.4285959,36.62892089,기타
6423640,2018042,43,충청북도,114,청주청원구,253,오창읍,VIOLT,4311425333,43114002,충청북도 청주시 청원구2,충청북도 청주시 청원구 오창읍(오창과학산업단지송대리1 부근),0,12,0,4,7,1,127.4447356,36.72281987,기타
6423645,2018042,43,충청북도,112,서원구,104,산남동,VIOLT,4311210400,43112003,충청북도 청주시 서원구3,충청북도 청주시 서원구 산남동(제1순환로세한로 부근),0,12,0,7,5,0,127.4737547,36.61262224,기타
6423660,2018042,43,충청북도,113,청주흥덕구,114,복대동,VIOLT,4311311400,43113003,충청북도 청주시 흥덕구3,충청북도 청주시 흥덕구 복대동(산업단지육거리 부근),0,11,0,0,11,0,127.4473715,36.6343667,기타
6424094,2018042,43,충청북도,111,청주상당구,119,영운동,VIOLT,4311111900,43111001,충청북도 청주시 상당구1,충청북도 청주시 상당구 영운동(영운사거리 부근),0,18,0,8,10,0,127.4993235,36.61645641,기타
6424095,2018042,43,충청북도,112,서원구,104,산남동,VIOLT,4311210400,43112002,충청북도 청주시 서원구2,충청북도 청주시 서원구 산남동(인동로제1순환로 부근),0,14,0,5,8,1,127.4773654,36.61023982,기타
6424097,2018042,43,충청북도,112,서원구,101,사직동,VIOLT,4311210100,43112006,충청북도 청주시 서원구6,충청북도 청주시 서원구 사직동(시계탑오거리 부근),0,7,0,2,5,0,127.4687913,36.63538917,기타
6424098,2018042,43,충청북도,113,청주흥덕구,119,휴암동,VIOLT,4311311900,43113005,충청북도 청주시 흥덕구5,충청북도 청주시 흥덕구 휴암동(휴암휴게소앞 부근),0,8,0,1,6,1,127.4028158,36.62113839,기타
6424099,2018042,43,충청북도,114,청주청원구,102,내덕동,VIOLT,4311410200,43114001,충청북도 청주시 청원구1,충청북도 청주시 청원구 내덕동(제1순환로교서로 부근),0,14,0,5,9,0,127.4749503,36.65736784,기타
6424100,2018042,43,충청북도,130,충주시,107,호암동,VIOLT,4313010700,43130001,충청북도 충주시1,충청북도 충주시 호암동(호암사거리 부근),0,12,1,3,7,1,127.9267532,36.96032189,기타
6426869,2018040,43,충청북도,111,청주상당구,101,영동,VIOLT,4311110100,43111001,충청북도 청주시 상당구1,충청북도 청주시 상당구 영동(방아다리길삼충로 부근),0,4,0,2,2,0,127.4859395,36.64497704,기타
6426870,2018040,43,충청북도,111,청주상당구,320,미원면,VIOLT,4311132038,43111002,충청북도 청주시 상당구2,충청북도 청주시 상당구 미원면(운암교동측 인근),0,3,2,0,1,0,127.6839899,36.60954392,기타
6426871,2018040,43,충청북도,114,청주청원구,103,율량동,VIOLT,4311410300,43114001,충청북도 청주시 청원구1,충청북도 청주시 청원구 율량동(현대건설4단지 부근),0,7,0,1,6,0,127.4859599,36.66833309,기타
6426872,2018040,43,충청북도,114,청주청원구,253,오창읍,VIOLT,4311425331,43114003,충청북도 청주시 청원구3,충청북도 청주시 청원구 오창읍(창리사거리 인근),0,4,0,0,4,0,127.4548373,36.7385878,기타
6426873,2018040,43,충청북도,150,제천시,109,화산동,VIOLT,4315010900,43150001,충청북도 제천시1,충청북도 제천시 화산동(역전교차로 부근),0,4,0,2,2,0,128.2064725,37.13004458,기타
6426874,2018040,43,충청북도,750,진천군,370,광혜원면,VIOLT,4375037027,43750002,충청북도 진천군2,충청북도 진천군 광혜원면(광혜원삼거리앞 부근),0,4,0,1,3,0,127.4462184,36.99048325,기타
6426875,2018040,43,충청북도,760,괴산군,400,소수면,VIOLT,4376040023,43760001,충청북도 괴산군1,충청북도 괴산군 소수면(아성삼거리 부근),0,8,0,0,7,1,127.7607231,36.8358259,기타
6429473,2018045,43,충청북도,113,청주흥덕구,115,봉명동,JAYWALKING,4311311500,151343001,충북 청주흥덕1,충청북도 청주시 흥덕구 봉명동(연일빌딩 부근),4,6,0,2,4,0,127.462297,36.64252821,기타
6430705,2018045,43,충청북도,112,서원구,103,모충동,JAYWALKING,4311210300,151443001,충북 청주청남1,충청북도 청주시 서원구 모충동(청주하나교회 부근),5,5,1,2,2,0,127.4745658,36.62832655,기타
6430769,2018045,43,충청북도,150,제천시,107,중앙로2가,JAYWALKING,4315010700,150543001,충북 제천1,충청북도 제천시 중앙로2가(교동떡집 부근),7,7,0,5,2,0,128.2132951,37.1377079,기타
6430780,2018045,43,충청북도,111,청주상당구,124,용암동,JAYWALKING,4311112400,151443002,충북 청주청남2,충청북도 청주시 상당구 용암동(청주농협용암지점 정류장 부근),4,4,0,2,2,0,127.5144718,36.62146797,기타
6467689,2018074,43,충청북도,130,충주시,118,연수동,LG,43130118,43130001,충청북도 충주시1,충청북도 충주시 연수동(법원사거리 인근),0,30,0,2,24,4,127.9282768,36.98234312,기타
6467690,2018074,43,충청북도,130,충주시,118,연수동,LG,43130118,43130002,충청북도 충주시2,충청북도 충주시 연수동(체육관앞사거리 인근),0,29,0,5,19,5,127.9344286,36.98230971,기타
6467691,2018074,43,충청북도,130,충주시,118,연수동,LG,43130118,43130003,충청북도 충주시3,충청북도 충주시 연수동(갱고개로앞교차로 인근),0,24,0,6,16,2,127.939487,36.9844679,기타
6467692,2018074,43,충청북도,150,제천시,121,강제동,LG,43150121,43150001,충청북도 제천시1,충청북도 제천시 강제동(사천교4 인근),0,36,0,14,20,2,128.2015632,37.12303499,기타
6467693,2018074,43,충청북도,150,제천시,110,영천동,LG,43150110,43150002,충청북도 제천시2,충청북도 제천시 영천동(중앙고추시장 인근),0,28,0,5,17,6,128.2060374,37.13287397,기타
6467694,2018074,43,충청북도,150,제천시,110,영천동,LG,43150110,43150003,충청북도 제천시3,충청북도 제천시 영천동(역전교차로 인근),0,29,0,5,21,3,128.2063364,37.13001209,기타
6467695,2018074,43,충청북도,720,보은군,250,보은읍,LG,43720250,43720001,충청북도 보은군1,충청북도 보은군 보은읍(동다리사거리 인근),0,10,0,1,7,2,127.7217097,36.48516871,기타
6467696,2018074,43,충청북도,720,보은군,360,수한면,LG,43720360,43720002,충청북도 보은군2,충청북도 보은군 수한면(후평사거리앞 인근),0,5,1,1,3,0,127.7054675,36.47891953,기타
6467697,2018074,43,충청북도,720,보은군,250,보은읍,LG,43720250,43720003,충청북도 보은군3,충청북도 보은군 보은읍(터미널삼거리 인근),0,4,0,2,2,0,127.7225937,36.48308446,기타
6467698,2018074,43,충청북도,730,옥천군,250,옥천읍,LG,43730250,43730001,충청북도 옥천군1,충청북도 옥천군 옥천읍(파리바게뜨3 인근),0,9,0,3,6,0,127.5689633,36.30119878,기타
6467699,2018074,43,충청북도,730,옥천군,370,군서면,LG,43730370,43730002,충청북도 옥천군2,충청북도 옥천군 군서면(월전교동측 인근),0,10,0,1,7,2,127.5483497,36.30569039,기타
6467700,2018074,43,충청북도,730,옥천군,250,옥천읍,LG,43730250,43730003,충청북도 옥천군3,충청북도 옥천군 옥천읍(서울정형외과 인근),0,6,0,2,4,0,127.5666996,36.29860962,기타
6467701,2018074,43,충청북도,740,영동군,250,영동읍,LG,43740250,43740001,충청북도 영동군1,충청북도 영동군 영동읍(중앙사거리 인근),0,17,1,5,11,0,127.7777617,36.17536756,기타
6467702,2018074,43,충청북도,740,영동군,250,영동읍,LG,43740250,43740002,충청북도 영동군2,충청북도 영동군 영동읍(영동교앞 인근),0,14,0,4,10,0,127.7750192,36.17395362,기타
6467703,2018074,43,충청북도,740,영동군,250,영동읍,LG,43740250,43740003,충청북도 영동군3,충청북도 영동군 영동읍(영동역입구 인근),0,11,0,3,7,1,127.7858379,36.16469415,기타
6467704,2018074,43,충청북도,750,진천군,250,진천읍,LG,43750250,43750001,충청북도 진천군1,충청북도 진천군 진천읍(성산약국앞교차로 인근),0,23,1,3,19,0,127.4445394,36.85481234,기타
6467705,2018074,43,충청북도,750,진천군,370,광혜원면,LG,43750370,43750002,충청북도 진천군2,충청북도 진천군 광혜원면(만승교사거리 인근),0,12,0,3,9,0,127.4471136,36.98923809,기타
6467706,2018074,43,충청북도,750,진천군,250,진천읍,LG,43750250,43750003,충청북도 진천군3,충청북도 진천군 진천읍(행정교차로 인근),0,14,0,6,8,0,127.429654,36.86137998,기타
6467707,2018074,43,충청북도,760,괴산군,250,괴산읍,LG,43760250,43760001,충청북도 괴산군1,충청북도 괴산군 괴산읍(동부2리앞 인근),0,12,1,6,3,2,127.796373,36.80940874,기타
6467708,2018074,43,충청북도,760,괴산군,250,괴산읍,LG,43760250,43760002,충청북도 괴산군2,충청북도 괴산군 괴산읍(풍년앞 인근),0,7,0,4,3,0,127.7932929,36.80694771,기타
6467709,2018074,43,충청북도,760,괴산군,400,소수면,LG,43760400,43760003,충청북도 괴산군3,충청북도 괴산군 소수면(아성삼거리 인근),0,5,0,0,4,1,127.7609526,36.83585234,기타
6467710,2018074,43,충청북도,770,음성군,253,금왕읍,LG,43770253,43770001,충청북도 음성군1,충청북도 음성군 금왕읍(무극교앞 인근),0,13,0,4,8,1,127.5952586,36.99352325,기타
6467711,2018074,43,충청북도,770,음성군,340,대소면,LG,43770340,43770002,충청북도 음성군2,충청북도 음성군 대소면(오산교동측 인근),0,9,0,4,5,0,127.4876939,36.96693074,기타
6467712,2018074,43,충청북도,770,음성군,340,대소면,LG,43770340,43770003,충청북도 음성군3,충청북도 음성군 대소면(바이더웨이1 인근),0,10,0,0,10,0,127.4855946,36.96770837,기타
6467713,2018074,43,충청북도,800,단양군,250,단양읍,LG,43800250,43800001,충청북도 단양군1,충청북도 단양군 단양읍(단양초교앞 인근),0,9,0,4,5,0,128.3687516,36.98120718,기타
6467714,2018074,43,충청북도,800,단양군,250,단양읍,LG,43800250,43800002,충청북도 단양군2,충청북도 단양군 단양읍(단양고 인근),0,5,0,2,3,0,128.3667619,36.97782415,기타
6467715,2018074,43,충청북도,800,단양군,253,매포읍,LG,43800253,43800003,충청북도 단양군3,충청북도 단양군 매포읍(매포리앞 인근),0,5,1,0,4,0,128.3317633,37.01700668,기타
6467716,2018074,43,충청북도,745,증평군,250,증평읍,LG,43745250,43745001,충청북도 증평군1,충청북도 증평군 증평읍(증평사거리 인근),0,23,0,5,17,1,127.5826763,36.78522643,기타
6467717,2018074,43,충청북도,745,증평군,250,증평읍,LG,43745250,43745002,충청북도 증평군2,충청북도 증평군 증평읍(초중사거리 인근),0,25,0,13,12,0,127.5730938,36.7834479,기타
6467718,2018074,43,충청북도,745,증평군,250,증평읍,LG,43745250,43745003,충청북도 증평군3,충청북도 증평군 증평읍(연탄사거리 인근),0,11,0,2,8,1,127.5687533,36.78828486,기타
6474902,2018076,43,충청북도,750,진천군,330,문백면,TMZON,43750330,43750001,충청북도 진천군1,충청북도 진천군 문백면(백곡천교 부근),0,14,0,1,13,0,127.4940111,36.83794027,기타
6477242,2018091,43,충청북도,150,제천시,108,명동,FREEZING,4315010800,43150001,충청북도 제천시1,충청북도 제천시 명동(서부사거리 부근),4,4,0,1,3,0,128.2057973,37.13415619,기타
6477246,2018091,43,충청북도,150,제천시,113,청전동,FREEZING,4315011300,43150002,충청북도 제천시2,충청북도 제천시 청전동(천주교청전동성당 부근),3,10,0,6,3,1,128.211456,37.15893794,기타
6477258,2018091,43,충청북도,112,서원구,109,개신동,FREEZING,4311210900,43112001,충청북도 청주시 서원구1,충청북도 청주시 서원구 개신동(한진신세대아파트 부근),6,22,0,4,18,0,127.4627775,36.62734983,기타
6477472,2018091,43,충청북도,770,음성군,320,원남면,FREEZING,4377032000,43770001,충청북도 음성군1,충청북도 음성군 원남면(주택 부근),3,16,0,4,12,0,127.6430925,36.87148139,기타
6503365,2019034,43,충청북도,112,서원구,109,개신동,SCHOOLZONE,4311210900,43112002,충청북도 청주시 서원구2,충청북도 청주시 서원구 개신동(개신초교 부근),2,3,0,1,2,0,127.4463184,36.62069048,어린이
6503376,2019034,43,충청북도,112,서원구,106,분평동,SCHOOLZONE,4311210600,43112001,충청북도 청주시 서원구1,충청북도 청주시 서원구 분평동(분평초교 부근),2,3,0,2,1,0,127.4932906,36.61138988,어린이
6503377,2019034,43,충청북도,113,청주흥덕구,114,복대동,SCHOOLZONE,4311311400,43113001,충청북도 청주시 흥덕구1,충청북도 청주시 흥덕구 복대동(복대초교 부근),2,2,0,0,1,1,127.4479497,36.62935758,어린이
6504032,2019035,43,충청북도,112,서원구,109,개신동,CHILD,4311210900,43112001,충청북도 청주시 서원구1,충청북도 청주시 서원구 개신동(개신동우체국 부근),3,5,0,2,3,0,127.4462624,36.62074455,어린이
6504037,2019035,43,충청북도,114,청주청원구,103,율량동,CHILD,4311410300,43114002,충청북도 청주시 청원구2,충청북도 청주시 청원구 율량동(청주여고 부근),3,3,0,1,2,0,127.4898165,36.66884208,어린이
6504062,2019035,43,충청북도,114,청주청원구,105,주성동,CHILD,4311410500,43114001,충청북도 청주시 청원구1,충청북도 청주시 청원구 주성동(우보빌딩입구 부근),4,5,0,2,3,0,127.4974485,36.67114129,어린이
6504306,2019035,43,충청북도,113,청주흥덕구,113,가경동,CHILD,4311311300,43113001,충청북도 청주시 흥덕구1,충청북도 청주시 흥덕구 가경동(해온빌딩 부근),3,3,0,1,2,0,127.4297348,36.62204773,어린이
6504307,2019035,43,충청북도,130,충주시,106,용산동,CHILD,4313010600,43130001,충청북도 충주시1,충청북도 충주시 용산동(충주농협 용산지점 부근),3,3,0,0,3,0,127.9403523,36.96173483,어린이
6504338,2019035,43,충청북도,111,청주상당구,124,용암동,CHILD,4311112400,43111001,충청북도 청주시 상당구1,충청북도 청주시 상당구 용암동(용암공원 부근),3,3,0,1,2,0,127.5018019,36.61056574,어린이
6505993,2019036,43,충청북도,740,영동군,250,영동읍,OLDMAN,4374025021,43740002,충청북도 영동군2,충청북도 영동군 영동읍(매천교 부근),3,3,0,3,0,0,127.7768122,36.17252728,노약자
6506216,2019036,43,충청북도,112,서원구,107,수곡동,OLDMAN,4311210700,43112002,충청북도 청주시 서원구2,충청북도 청주시 서원구 수곡동(수곡초교 부근),4,4,0,2,2,0,127.4719187,36.61822916,노약자
6506244,2019036,43,충청북도,130,충주시,124,충의동,OLDMAN,4313012400,43130001,충청북도 충주시1,충청북도 충주시 충의동(LG유플러스 충의직영점 부근),6,6,0,5,1,0,127.929986,36.97316647,노약자
6506343,2019036,43,충청북도,800,단양군,250,단양읍,OLDMAN,4380025025,43800001,충청북도 단양군1,충청북도 단양군 단양읍(하나로쇼핑타운 부근),4,4,1,3,0,0,128.3690681,36.98329405,노약자
6506351,2019036,43,충청북도,800,단양군,250,단양읍,OLDMAN,4380025025,43800002,충청북도 단양군2,충청북도 단양군 단양읍(단양시외버스터미널 부근),3,5,1,3,1,0,128.3700236,36.98629778,노약자
6506542,2019036,43,충청북도,130,충주시,105,교현동,OLDMAN,4313010500,43130002,충청북도 충주시2,충청북도 충주시 교현동(아현사거리 부근),3,3,0,3,0,0,127.9352515,36.97843873,노약자
6506566,2019036,43,충청북도,760,괴산군,250,괴산읍,OLDMAN,4376025021,43760001,충청북도 괴산군1,충청북도 괴산군 괴산읍(주성종합약국 부근),5,5,0,5,0,0,127.7963416,36.8094201,노약자
6513267,2019036,43,충청북도,112,서원구,107,수곡동,OLDMAN,4311210700,43112001,충청북도 청주시 서원구1,충청북도 청주시 서원구 수곡동(수곡1동우체국),5,5,1,2,2,0,127.4785259,36.61818771,노약자
6513268,2019036,43,충청북도,112,서원구,102,사창동,OLDMAN,4311210200,43112003,충청북도 청주시 서원구3,충청북도 청주시 서원구 사창동(사창사거리 부근),2,2,1,0,1,0,127.4599862,36.63585551,노약자
6513269,2019036,43,충청북도,114,청주청원구,103,율량동,OLDMAN,4311410300,43114001,충청북도 청주시 청원구1,충청북도 청주시 청원구 율량동(율량농협사거리 부근),3,4,0,2,2,0,127.4852992,36.66800566,노약자
6513270,2019036,43,충청북도,114,청주청원구,102,내덕동,OLDMAN,4311410200,43114002,충청북도 청주시 청원구2,충청북도 청주시 청원구 내덕동(루체피에스타 부근),3,3,0,2,1,0,127.4793706,36.65709116,노약자
6513271,2019036,43,충청북도,130,충주시,127,문화동,OLDMAN,4313012700,43130003,충청북도 충주시3,충청북도 충주시 문화동(엔키즈하우스어린이집 부근),3,3,0,2,1,0,127.9234617,36.96982069,노약자
6513272,2019036,43,충청북도,130,충주시,115,봉방동,OLDMAN,4313011500,43130004,충청북도 충주시4,충청북도 충주시 봉방동(봉계교 부근),3,3,0,1,2,0,127.9210241,36.97654284,노약자
6513273,2019036,43,충청북도,150,제천시,106,중앙로1가,OLDMAN,4315010600,43150001,충청북도 제천시1,충청북도 제천시 중앙로1가(남천약국앞교차로 부근),7,7,0,3,4,0,128.2130737,37.13736191,노약자
6513274,2019036,43,충청북도,150,제천시,109,화산동,OLDMAN,4315010900,43150002,충청북도 제천시2,충청북도 제천시 화산동(첨단윤활유상사 부근),5,6,0,4,1,1,128.2153998,37.1269302,노약자
6513275,2019036,43,충청북도,150,제천시,113,청전동,OLDMAN,4315011300,43150003,충청북도 제천시3,충청북도 제천시 청전동(IBK기업은행 제천지점 부근),4,4,0,2,2,0,128.2147083,37.14983507,노약자
6513276,2019036,43,충청북도,720,보은군,250,보은읍,OLDMAN,4372025021,43720001,충청북도 보은군1,충청북도 보은군 보은읍(하나로약국 부근),4,5,0,5,0,0,127.7192962,36.48412932,노약자
6513277,2019036,43,충청북도,740,영동군,250,영동읍,OLDMAN,4374025021,43740001,충청북도 영동군1,충청북도 영동군 영동읍(영동농협 중앙지점 부근),4,4,0,3,1,0,127.7771481,36.17512395,노약자
6513278,2019036,43,충청북도,750,진천군,250,진천읍,OLDMAN,4375025024,43750001,충청북도 진천군1,충청북도 진천군 진천읍(진천농협하나로마트 부근),4,4,0,2,2,0,127.4436558,36.85890917,노약자
6515191,2019036,43,충청북도,111,청주상당구,111,석교동,OLDMAN,4311111100,43111001,충청북도 청주시 상당구1,충청북도 청주시 상당구 석교동(석교육거리 부근),9,9,0,6,3,0,127.4910074,36.62839166,노약자
6516207,2019038,43,충청북도,150,제천시,113,청전동,BICYCLE,4315011300,43150001,충청북도 제천시1,충청북도 제천시 청전동(제천북부신협본점 부근),4,4,0,2,1,1,128.2141287,37.14614001,기타
6516267,2019038,43,충청북도,130,충주시,105,교현동,BICYCLE,4313010500,43130003,충청북도 충주시3,충청북도 충주시 교현동(충북충주경찰서입구 부근),4,5,0,1,3,1,127.9352814,36.97580642,기타
6516273,2019038,43,충청북도,112,서원구,107,수곡동,BICYCLE,4311210700,43112004,충청북도 청주시 서원구4,충청북도 청주시 서원구 수곡동(남중삼거리 부근),4,4,1,2,1,0,127.4859098,36.61422897,기타
6516292,2019038,43,충청북도,111,청주상당구,120,금천동,BICYCLE,4311112000,43111002,충청북도 청주시 상당구2,충청북도 청주시 상당구 금천동(굿모닝한의원 부근),4,4,0,2,2,0,127.5032213,36.63066411,기타
6516376,2019038,43,충청북도,130,충주시,105,교현동,BICYCLE,4313010500,43130002,충청북도 충주시2,충청북도 충주시 교현동(충주공설운동장입구 부근),4,4,1,1,1,1,127.9346892,36.98033381,기타
6516421,2019038,43,충청북도,130,충주시,127,문화동,BICYCLE,4313012700,43130001,충청북도 충주시1,충청북도 충주시 문화동(문화새마을금고 본점 부근),6,7,0,4,3,0,127.9258957,36.97303698,기타
6519373,2019038,43,충청북도,111,청주상당구,103,북문로2가동,BICYCLE,4311110300,43111005,충청북도 청주시 상당구5,충청북도 청주시 상당구 북문로2가동(태웅건설 부근),3,3,1,2,0,0,127.4893884,36.64094011,기타
6519374,2019038,43,충청북도,111,청주상당구,104,북문로3가동,BICYCLE,4311110400,43111004,충청북도 청주시 상당구4,충청북도 청주시 상당구 북문로3가동(신쭈꾸곱창의전설 부근),4,4,0,1,3,0,127.4867781,36.64506062,기타
6519375,2019038,43,충청북도,111,청주상당구,108,서운동,BICYCLE,4311110800,43111001,충청북도 청주시 상당구1,충청북도 청주시 상당구 서운동(석교육거리 부근),4,4,0,2,2,0,127.4918221,36.62802961,기타
6519664,2019038,43,충청북도,112,서원구,103,모충동,BICYCLE,4311210300,43112001,충청북도 청주시 서원구1,충청북도 청주시 서원구 모충동(모충사거리 부근),6,6,0,2,4,0,127.488833,36.62490661,기타
6519665,2019038,43,충청북도,112,서원구,101,사직동,BICYCLE,4311210100,43112002,충청북도 청주시 서원구2,충청북도 청주시 서원구 사직동(사직사거리 부근),5,6,0,2,4,0,127.4791711,36.63627153,기타
6519666,2019038,43,충청북도,112,서원구,105,미평동,BICYCLE,4311210500,43112003,충청북도 청주시 서원구3,충청북도 청주시 서원구 미평동(분평사거리 부근),5,6,0,1,5,0,127.4817182,36.60723499,기타
6519668,2019038,43,충청북도,113,청주흥덕구,114,복대동,BICYCLE,4311311400,43113003,충청북도 청주시 흥덕구3,충청북도 청주시 흥덕구 복대동(창옥빌딩 부근),4,4,0,0,3,1,127.4421943,36.63289711,기타
6519669,2019038,43,충청북도,113,청주흥덕구,113,가경동,BICYCLE,4311311300,43113002,충청북도 청주시 흥덕구2,충청북도 청주시 흥덕구 가경동(덕일한마음아파트입구 부근),4,4,0,2,0,2,127.4412711,36.62297697,기타
6520949,2019038,43,충청북도,111,청주상당구,119,영운동,BICYCLE,4311111900,43111003,충청북도 청주시 상당구3,충청북도 청주시 상당구 영운동(청주동부소방서 부근),4,4,0,2,2,0,127.4951141,36.62148077,기타
6520950,2019038,43,충청북도,113,청주흥덕구,114,복대동,BICYCLE,4311311400,43113001,충청북도 청주시 흥덕구1,충청북도 청주시 흥덕구 복대동(솔밭중학교후문 부근),6,6,0,2,3,1,127.4302198,36.63934515,기타
6535998,2019048,43,충청북도,150,제천시,110,영천동,VIOLT,43150110,43150003,충청북도 제천시3,충청북도 제천시 영천동(역전교차로 부근),0,4,0,0,4,0,128.2067924,37.12977845,기타
6536002,2019048,43,충청북도,113,청주흥덕구,115,봉명동,VIOLT,43113115,43113004,충청북도 청주시 흥덕구4,충청북도 청주시 흥덕구 봉명동(봉명1동사거리 부근),0,4,0,1,3,0,127.4595732,36.63802253,기타
6536049,2019048,43,충청북도,770,음성군,340,대소면,VIOLT,43770340,43770001,충청북도 음성군1,충청북도 음성군 대소면(김점철소머리국밥 부근),0,6,1,3,2,0,127.4880797,36.97300698,기타
6536072,2019048,43,충청북도,130,충주시,118,연수동,VIOLT,43130118,43130002,충청북도 충주시2,충청북도 충주시 연수동(갱고개로앞교차로 부근),0,4,0,0,4,0,127.9388022,36.98435713,기타
6536094,2019048,43,충청북도,111,청주상당구,124,용암동,VIOLT,43111124,43111002,충청북도 청주시 상당구2,충청북도 청주시 상당구 용암동(원봉공원1길먼두둑윗길 부근),0,5,0,3,2,0,127.5061507,36.61653748,기타
6536110,2019048,43,충청북도,150,제천시,113,청전동,VIOLT,43150113,43150001,충청북도 제천시1,충청북도 제천시 청전동((주)하우징종합컨설팅 부근),0,5,1,0,4,0,128.212425,37.15057614,기타
6536156,2019048,43,충청북도,111,청주상당구,124,용암동,VIOLT,43111124,43111001,충청북도 청주시 상당구1,충청북도 청주시 상당구 용암동(중흥마을부영아파트108동 부근),0,7,0,1,5,1,127.5123913,36.61912431,기타
6536160,2019048,43,충청북도,111,청주상당구,117,탑동,VIOLT,43111117,43111003,충청북도 청주시 상당구3,충청북도 청주시 상당구 탑동(삼덕아파트 부근),0,3,0,1,2,0,127.5034674,36.63172787,기타
6536161,2019048,43,충청북도,113,청주흥덕구,117,강서동,VIOLT,43113117,43113003,충청북도 청주시 흥덕구3,충청북도 청주시 흥덕구 강서동(청주터미널앞사거리 부근),0,5,0,1,4,0,127.4300755,36.62528872,기타
6536197,2019048,43,충청북도,111,청주상당구,112,수동,VIOLT,43111112,43111004,충청북도 청주시 상당구4,충청북도 청주시 상당구 수동(중앙초등학교 부근),0,3,0,0,3,0,127.4922369,36.63673098,기타
6536218,2019048,43,충청북도,113,청주흥덕구,114,복대동,VIOLT,43113114,43113001,충청북도 청주시 흥덕구1,충청북도 청주시 흥덕구 복대동(하복대교 부근),0,7,0,1,5,1,127.4293927,36.6382068,기타
6536221,2019048,43,충청북도,112,서원구,105,미평동,VIOLT,43112105,43112002,충청북도 청주시 서원구2,충청북도 청주시 서원구 미평동(샛별초등학교입구 인근),0,6,0,2,4,0,127.4697773,36.60346203,기타
6536238,2019048,43,충청북도,150,제천시,114,모산동,VIOLT,43150114,43150002,충청북도 제천시2,충청북도 제천시 모산동(세명먹자촌 부근),0,6,0,2,4,0,128.2032795,37.18080059,기타
6536267,2019048,43,충청북도,770,음성군,253,금왕읍,VIOLT,43770253,43770002,충청북도 음성군2,충청북도 음성군 금왕읍(무극교앞 부근),0,5,0,1,4,0,127.5953095,36.99342311,기타
6536313,2019048,43,충청북도,150,제천시,106,중앙로1가,VIOLT,43150106,43150004,충청북도 제천시4,충청북도 제천시 중앙로1가(제천TTC 부근),0,4,0,0,4,0,128.2124745,37.13664918,기타
6536326,2019048,43,충청북도,750,진천군,250,진천읍,VIOLT,43750250,43750001,충청북도 진천군1,충청북도 진천군 진천읍(쌩쌩다방 부근),0,6,0,1,5,0,127.4460837,36.86066496,기타
6536365,2019048,43,충청북도,750,진천군,370,광혜원면,VIOLT,43750370,43750002,충청북도 진천군2,충청북도 진천군 광혜원면(광혜원삼거리 부근),0,6,0,0,6,0,127.4463407,36.99023109,기타
6536395,2019048,43,충청북도,112,서원구,103,모충동,VIOLT,43112103,43112001,충청북도 청주시 서원구1,충청북도 청주시 서원구 모충동(모충대교 부근),0,10,0,4,6,0,127.4831554,36.62963525,기타
6536409,2019048,43,충청북도,130,충주시,127,문화동,VIOLT,43130127,43130001,충청북도 충주시1,충청북도 충주시 문화동(명음당 부근),0,5,0,2,3,0,127.9255577,36.97286692,기타
6536415,2019048,43,충청북도,750,진천군,250,진천읍,VIOLT,43750250,43750003,충청북도 진천군3,충청북도 진천군 진천읍(진천보건소앞 부근),0,5,0,0,5,0,127.4385223,36.86082356,기타
6536451,2019048,43,충청북도,113,청주흥덕구,115,봉명동,VIOLT,43113115,43113002,충청북도 청주시 흥덕구2,충청북도 청주시 흥덕구 봉명동(농수산물로봉명주현로 부근),0,5,0,3,2,0,127.4571059,36.64937152,기타
6536663,2019049,43,충청북도,150,제천시,102,서부동,VIOLT,43150102,43150002,충청북도 제천시2,충청북도 제천시 서부동(청소년문화의집 공가 부근),0,13,0,7,6,0,128.20255,37.13850221,기타
6536697,2019049,43,충청북도,111,청주상당구,120,금천동,VIOLT,43111120,43111003,충청북도 청주시 상당구3,충청북도 청주시 상당구 금천동(부영e그린2차아파트603동 부근),0,9,0,3,6,0,127.5049001,36.62982115,기타
6536702,2019049,43,충청북도,111,청주상당구,122,명암동,VIOLT,43111122,43111002,충청북도 청주시 상당구2,충청북도 청주시 상당구 명암동(상리마을입구 부근),0,13,0,5,8,0,127.5118834,36.66223397,기타
6536723,2019049,43,충청북도,114,청주청원구,253,오창읍,VIOLT,43114253,43114003,충청북도 청주시 청원구3,충청북도 청주시 청원구 오창읍(구룡소류지 부근),0,11,2,5,4,0,127.4151,36.71672641,기타
6536728,2019049,43,충청북도,112,서원구,107,수곡동,VIOLT,43112107,43112005,충청북도 청주시 서원구5,충청북도 청주시 서원구 수곡동(남중삼거리 부근),0,8,1,4,3,0,127.4859655,36.61495017,기타
6536743,2019049,43,충청북도,112,서원구,104,산남동,VIOLT,43112104,43112004,충청북도 청주시 서원구4,충청북도 청주시 서원구 산남동(삼남삼거리 부근),0,10,0,4,6,0,127.4709691,36.61565064,기타
6536745,2019049,43,충청북도,112,서원구,106,분평동,VIOLT,43112106,43112003,충청북도 청주시 서원구3,충청북도 청주시 서원구 분평동(분평사거리 부근),0,18,0,9,9,0,127.4818409,36.6072598,기타
6536746,2019049,43,충청북도,112,서원구,104,산남동,VIOLT,43112104,43112006,충청북도 청주시 서원구6,충청북도 청주시 서원구 산남동(제1순환로세한로 부근),0,11,0,2,9,0,127.473531,36.61251401,기타
6536837,2019049,43,충청북도,113,청주흥덕구,138,비하동,VIOLT,43113138,43113001,충청북도 청주시 흥덕구1,충청북도 청주시 흥덕구 비하동(터미널사거리 부근),0,30,0,5,22,3,127.4282606,36.62859615,기타
6536851,2019049,43,충청북도,112,서원구,102,사창동,VIOLT,43112102,43112001,충청북도 청주시 서원구1,충청북도 청주시 서원구 사창동(사창사거리 부근),0,22,0,4,18,0,127.4603131,36.63488557,기타
6536859,2019049,43,충청북도,111,청주상당구,111,석교동,VIOLT,43111111,43111001,충청북도 청주시 상당구1,충청북도 청주시 상당구 석교동(금석교사거리 부근),0,18,0,8,10,0,127.493446,36.62519187,기타
6536873,2019049,43,충청북도,150,제천시,104,남천동,VIOLT,43150104,43150001,충청북도 제천시1,충청북도 제천시 남천동(제천TTC앞 부근),0,16,0,3,12,1,128.2106907,37.13600998,기타
6536877,2019049,43,충청북도,113,청주흥덕구,117,강서동,VIOLT,43113117,43113003,충청북도 청주시 흥덕구3,충청북도 청주시 흥덕구 강서동(청주터미널앞사거리 부근),0,10,0,2,8,0,127.430758,36.62505473,기타
6536891,2019049,43,충청북도,130,충주시,101,성내동,VIOLT,43130101,43130002,충청북도 충주시2,충청북도 충주시 성내동(예성사거리 부근),0,12,0,4,6,2,127.9348077,36.97350047,기타
6536909,2019049,43,충청북도,113,청주흥덕구,114,복대동,VIOLT,43113114,43113004,충청북도 청주시 흥덕구4,충청북도 청주시 흥덕구 복대동(산업단지육거리 부근),0,7,0,2,5,0,127.4470024,36.63439358,기타
6536916,2019049,43,충청북도,112,서원구,103,모충동,VIOLT,43112103,43112002,충청북도 청주시 서원구2,충청북도 청주시 서원구 모충동(모충사거리 부근),0,10,0,2,8,0,127.4890719,36.62449018,기타
6536934,2019049,43,충청북도,113,청주흥덕구,116,송정동,VIOLT,43113116,43113002,충청북도 청주시 흥덕구2,충청북도 청주시 흥덕구 송정동(LG화학입구 부근),0,11,0,3,8,0,127.4350511,36.65372477,기타
6536936,2019049,43,충청북도,130,충주시,114,달천동,VIOLT,43130114,43130001,충청북도 충주시1,충청북도 충주시 달천동(건국대사거리 부근),0,15,0,7,7,1,127.9065233,36.96606464,기타
6536987,2019049,43,충청북도,114,청주청원구,253,오창읍,VIOLT,43114253,43114002,충청북도 청주시 청원구2,충청북도 청주시 청원구 오창읍(신촌본가설렁탕 부근),0,11,0,2,9,0,127.4191699,36.71173501,기타
6537008,2019049,43,충청북도,114,청주청원구,253,오창읍,VIOLT,43114253,43114001,충청북도 청주시 청원구1,충청북도 청주시 청원구 오창읍(창리사거리1 부근),0,14,0,6,8,0,127.4580425,36.73760063,기타
6538332,2019052,43,충청북도,750,진천군,250,진천읍,TMZON,43750250,43750001,충청북도 진천군1,충청북도 진천군 진천읍(백곡천교 부근),0,19,0,1,18,0,127.4940111,36.83794027,기타
6539817,2019056,43,충청북도,130,충주시,105,교현동,LG,43130105,43130001,충청북도 충주시1,충청북도 충주시 교현동(성내충인동 인근),0,47,0,8,35,4,127.9343906,36.97303628,기타
6539818,2019056,43,충청북도,130,충주시,116,칠금동,LG,43130116,43130002,충청북도 충주시2,충청북도 충주시 칠금동(LG베스트샵 인근),0,36,0,4,32,0,127.9146119,36.98014834,기타
6539819,2019056,43,충청북도,130,충주시,118,연수동,LG,43130118,43130003,충청북도 충주시3,충청북도 충주시 연수동(체육관앞사거리 인근),0,28,0,6,19,3,127.9344286,36.98230971,기타
6539820,2019056,43,충청북도,150,제천시,106,중앙로1가,LG,43150106,43150001,충청북도 제천시1,충청북도 제천시 중앙로1가(제천TTC 인근),0,34,0,6,27,1,128.2121846,37.13563309,기타
6539821,2019056,43,충청북도,150,제천시,109,화산동,LG,43150109,43150002,충청북도 제천시2,충청북도 제천시 화산동(동명초교앞 인근),0,27,0,8,19,0,128.2091749,37.13542634,기타
6539822,2019056,43,충청북도,150,제천시,110,영천동,LG,43150110,43150003,충청북도 제천시3,충청북도 제천시 영천동(남당교차로앞 인근),0,16,0,5,9,2,128.2046252,37.13059912,기타
6539823,2019056,43,충청북도,720,보은군,250,보은읍,LG,43720250,43720001,충청북도 보은군1,충청북도 보은군 보은읍(동다리사거리 인근),0,10,0,2,8,0,127.7217097,36.48516871,기타
6539824,2019056,43,충청북도,720,보은군,250,보은읍,LG,43720250,43720002,충청북도 보은군2,충청북도 보은군 보은읍(보은교차로 인근),0,9,0,2,6,1,127.730228,36.49170707,기타
6539825,2019056,43,충청북도,720,보은군,350,삼승면,LG,43720350,43720003,충청북도 보은군3,충청북도 보은군 삼승면(상가삼거리 인근),0,9,0,3,6,0,127.7313369,36.41940724,기타
6539826,2019056,43,충청북도,730,옥천군,250,옥천읍,LG,43730250,43730001,충청북도 옥천군1,충청북도 옥천군 옥천읍(옥천IC 인근),0,9,0,4,5,0,127.5609339,36.30981924,기타
6539827,2019056,43,충청북도,730,옥천군,250,옥천읍,LG,43730250,43730002,충청북도 옥천군2,충청북도 옥천군 옥천읍(파리바게뜨 인근),0,7,0,2,5,0,127.5689633,36.30119878,기타
6539828,2019056,43,충청북도,730,옥천군,250,옥천읍,LG,43730250,43730003,충청북도 옥천군3,충청북도 옥천군 옥천읍(향수공원사거리 인근),0,11,0,3,8,0,127.5730409,36.30693083,기타
6539829,2019056,43,충청북도,740,영동군,250,영동읍,LG,43740250,43740001,충청북도 영동군1,충청북도 영동군 영동읍(영동교앞 인근),0,9,0,3,6,0,127.7750192,36.17395362,기타
6539830,2019056,43,충청북도,740,영동군,250,영동읍,LG,43740250,43740002,충청북도 영동군2,충청북도 영동군 영동읍(중앙사거리 인근),0,6,0,5,1,0,127.7777617,36.17536756,기타
6539831,2019056,43,충청북도,740,영동군,250,영동읍,LG,43740250,43740003,충청북도 영동군3,충청북도 영동군 영동읍(매천교차로 인근),0,9,0,3,6,0,127.7740089,36.17116437,기타
6539832,2019056,43,충청북도,750,진천군,250,진천읍,LG,43750250,43750001,충청북도 진천군1,충청북도 진천군 진천읍(진천보건소앞 인근),0,28,0,9,19,0,127.4386034,36.86094782,기타
6539833,2019056,43,충청북도,750,진천군,250,진천읍,LG,43750250,43750002,충청북도 진천군2,충청북도 진천군 진천읍(신성사거리 인근),0,23,1,1,18,3,127.4512212,36.86252527,기타
6539834,2019056,43,충청북도,750,진천군,250,진천읍,LG,43750250,43750003,충청북도 진천군3,충청북도 진천군 진천읍(행정교차로 인근),0,10,0,5,5,0,127.429654,36.86137999,기타
6539835,2019056,43,충청북도,760,괴산군,250,괴산읍,LG,43760250,43760001,충청북도 괴산군1,충청북도 괴산군 괴산읍(괴산터미널앞 인근),0,18,0,3,13,2,127.7940815,36.8083034,기타
6539836,2019056,43,충청북도,760,괴산군,250,괴산읍,LG,43760250,43760002,충청북도 괴산군2,충청북도 괴산군 괴산읍(동부2리앞 인근),0,12,0,7,5,0,127.796373,36.80940874,기타
6539837,2019056,43,충청북도,760,괴산군,250,괴산읍,LG,43760250,43760003,충청북도 괴산군3,충청북도 괴산군 괴산읍(대사삼거리 인근),0,6,0,2,4,0,127.7835775,36.79759021,기타
6539838,2019056,43,충청북도,770,음성군,253,금왕읍,LG,43770253,43770001,충청북도 음성군1,충청북도 음성군 금왕읍(무극교 인근),0,22,0,2,20,0,127.5952586,36.99352324,기타
6539839,2019056,43,충청북도,770,음성군,340,대소면,LG,43770340,43770002,충청북도 음성군2,충청북도 음성군 대소면(오산교서측 인근),0,20,0,5,15,0,127.4871035,36.96715662,기타
6539840,2019056,43,충청북도,770,음성군,330,맹동면,LG,43770330,43770003,충청북도 음성군3,충청북도 음성군 맹동면(위너스타워 인근),0,19,0,4,14,1,127.5422337,36.90862116,기타
6539841,2019056,43,충청북도,800,단양군,250,단양읍,LG,43800250,43800001,충청북도 단양군1,충청북도 단양군 단양읍(단양군의회 인근),0,10,1,5,4,0,128.3690349,36.98223571,기타
6539842,2019056,43,충청북도,800,단양군,250,단양읍,LG,43800250,43800002,충청북도 단양군2,충청북도 단양군 단양읍(부강앞 인근),0,7,0,6,1,0,128.3692858,36.98480649,기타
6539843,2019056,43,충청북도,800,단양군,250,단양읍,LG,43800250,43800003,충청북도 단양군3,충청북도 단양군 단양읍(단양시외터미널 인근),0,6,1,2,2,1,128.3712903,36.98604665,기타
6539844,2019056,43,충청북도,745,증평군,250,증평읍,LG,43745250,43745001,충청북도 증평군1,충청북도 증평군 증평읍(윗장뜰사거리 인근),0,24,0,9,15,0,127.5868249,36.78817481,기타
6539845,2019056,43,충청북도,745,증평군,250,증평읍,LG,43745250,43745002,충청북도 증평군2,충청북도 증평군 증평읍(군청사거리증평대교남측 인근),0,13,0,4,9,0,127.5810434,36.78650349,기타
6539846,2019056,43,충청북도,745,증평군,250,증평읍,LG,43745250,43745003,충청북도 증평군3,충청북도 증평군 증평읍(증평주공1단지삼거리 인근),0,10,0,2,7,1,127.5776342,36.78549855,기타
6545698,2019066,43,충청북도,130,충주시,127,문화동,JAYWALKING,4313012700,150343001,충북 충주1,충청북도 충주시 문화동(엔키즈하우스어린이집 부근),3,3,0,2,1,0,127.9233762,36.97047689,기타
6545805,2019066,43,충청북도,150,제천시,107,중앙로2가,JAYWALKING,4315010700,150543001,충북 제천1,충청북도 제천시 중앙로2가(CU 제천본점 부근),4,5,0,2,3,0,128.2128445,37.14248805,기타
6545948,2019066,43,충청북도,114,청주청원구,101,우암동,JAYWALKING,4311410100,150243001,충북 청주상당1,충청북도 청주시 청원구 우암동(우암초교 부근),4,4,1,2,1,0,127.4893464,36.64761793,기타
6571275,2019079,43,충청북도,111,청주상당구,310,낭성면,FREEZING,4311131031,43111001,충청북도 청주시 상당구1,충청북도 청주시 상당구 낭성면(우리주유소 부근),4,6,1,2,3,0,127.5532433,36.65014263,기타
6596508,2020015,43,충청북도,130,충주시,105,교현동,SCHOOLZONE,4313010500,43130001,충청북도 충주시1,충청북도 충주시 교현동(칠금초교 부근),1,1,1,0,0,0,127.9234239,36.98410055,어린이
6598069,2020016,43,충청북도,111,청주상당구,124,용암동,CHILD,4311112400,43111001,충청북도 청주시 상당구1,충청북도 청주시 상당구 용암동(중흥로181 부근),3,3,0,2,1,0,127.5126257,36.61923049,어린이
6598070,2020016,43,충청북도,112,서원구,106,분평동,CHILD,4311210600,43112001,충청북도 청주시 서원구1,충청북도 청주시 서원구 분평동(분평로21 부근),3,3,0,1,2,0,127.4874215,36.6086032,어린이
6607505,2020027,43,충청북도,112,서원구,107,수곡동,OLDMAN,4311210700,43112001,충청북도 청주시 서원구1,충청북도 청주시 서원구 수곡동(수정아파트B동 부근),3,3,0,1,2,0,127.4916128,36.61559979,노약자
6607783,2020027,43,충청북도,111,청주상당구,121,용담동,OLDMAN,4311112100,43111003,충청북도 청주시 상당구3,충청북도 청주시 상당구 용담동(부영e그린2차아파트602동 부근),3,4,0,1,3,0,127.50604,36.63076316,노약자
6608244,2020027,43,충청북도,111,청주상당구,106,남문로2가동,OLDMAN,4311110600,43111002,충청북도 청주시 상당구2,충청북도 청주시 상당구 남문로2가동(구남궁병원사거리 부근),5,5,0,3,1,1,127.4907273,36.63234058,노약자
6614427,2020027,43,충청북도,111,청주상당구,105,남문로1가동,OLDMAN,4311110500,43111001,충청북도 청주시 상당구1,충청북도 청주시 상당구 남문로1가동(상당로42 부근),11,12,0,5,6,1,127.4910778,36.62849073,노약자
6614431,2020027,43,충청북도,113,청주흥덕구,114,복대동,OLDMAN,4311311400,43113001,충청북도 청주시 흥덕구1,충청북도 청주시 흥덕구 복대동(산업단지육거리 부근),2,2,1,0,1,0,127.4471291,36.63443609,노약자
6614433,2020027,43,충청북도,130,충주시,124,충의동,OLDMAN,4313012400,43130001,충청북도 충주시1,충청북도 충주시 충의동(충인2길10 부근),10,11,0,7,4,0,127.9303418,36.97400747,노약자
6614434,2020027,43,충청북도,130,충주시,115,봉방동,OLDMAN,4313011500,43130002,충청북도 충주시2,충청북도 충주시 봉방동(무학3길2 부근),5,5,1,1,3,0,127.9266726,36.97376135,노약자
6614436,2020027,43,충청북도,150,제천시,102,서부동,OLDMAN,4315010200,43150001,충청북도 제천시1,충청북도 제천시 서부동(제일공구상사 부근),2,2,1,1,0,0,128.2039133,37.1381346,노약자
6614437,2020027,43,충청북도,745,증평군,250,증평읍,OLDMAN,4374525000,43745001,충청북도 증평군1,충청북도 증평군 증평읍(군청사거리증평대교남측 부근),2,2,1,1,0,0,127.5820008,36.78688983,노약자
6616663,2020036,43,충청북도,111,청주상당구,310,낭성면,FREEZING,4311131000,43111001,충청북도 청주시 상당구1,충청북도 청주시 상당구 낭성면(우리주유소 부근),4,6,1,2,3,0,127.5532433,36.65014263,기타
6616674,2020036,43,충청북도,130,충주시,110,풍동,FREEZING,4313011000,43130001,충청북도 충주시1,충청북도 충주시 풍동(단월동산488 부근),4,11,0,2,9,0,127.9207195,36.93888174,기타
6617281,2020037,43,충청북도,130,충주시,106,용산동,BICYCLE,4313010600,43130002,충청북도 충주시2,충청북도 충주시 용산동(형설로90 부근),4,4,0,1,2,1,127.9397968,36.96191661,기타
6617661,2020037,43,충청북도,111,청주상당구,111,석교동,BICYCLE,4311111100,43111002,충청북도 청주시 상당구2,충청북도 청주시 상당구 석교동(상당로42 부근),4,5,0,1,4,0,127.4913865,36.62929897,기타
6619240,2020037,43,충청북도,111,청주상당구,111,석교동,BICYCLE,4311111100,43111001,충청북도 청주시 상당구1,충청북도 청주시 상당구 석교동(청남교사거리 부근),10,10,0,7,2,1,127.4895067,36.62570422,기타
6619241,2020037,43,충청북도,112,서원구,107,수곡동,BICYCLE,4311210700,43112001,충청북도 청주시 서원구1,충청북도 청주시 서원구 수곡동(명보주택 부근),5,5,0,0,4,1,127.4805923,36.61848997,기타
6619242,2020037,43,충청북도,112,서원구,105,미평동,BICYCLE,4311210500,43112002,충청북도 청주시 서원구2,충청북도 청주시 서원구 미평동(분평사거리 부근),4,4,0,3,1,0,127.4817274,36.60701751,기타
6619243,2020037,43,충청북도,112,서원구,101,사직동,BICYCLE,4311210100,43112003,충청북도 청주시 서원구3,충청북도 청주시 서원구 사직동(사직사거리 부근),4,5,0,2,3,0,127.4792964,36.63614478,기타
6619244,2020037,43,충청북도,113,청주흥덕구,115,봉명동,BICYCLE,4311311500,43113001,충청북도 청주시 흥덕구1,충청북도 청주시 흥덕구 봉명동(봉명사거리 부근),4,4,0,2,2,0,127.4636116,36.64305015,기타
6619245,2020037,43,충청북도,130,충주시,105,교현동,BICYCLE,4313010500,43130001,충청북도 충주시1,충청북도 충주시 교현동(법원사거리 부근),7,7,0,4,3,0,127.9293053,36.98224464,기타
6633285,2020055,43,충청북도,150,제천시,113,청전동,JAYWALKING,4315011300,150543002,충북 제천2,충청북도 제천시 청전동(이샘스쿨 부근),4,5,0,2,3,0,128.2123264,37.14726859,기타
6633415,2020055,43,충청북도,112,서원구,102,사창동,JAYWALKING,4311210200,150243001,충북 청주상당1,충청북도 청주시 서원구 사창동(사창사거리 부근),7,8,0,2,6,0,127.4591609,36.63500237,기타
6635544,2020055,43,충청북도,150,제천시,108,명동,JAYWALKING,4315010800,150543001,충북 제천1,충청북도 제천시 명동(의림대로71 부근),5,6,0,2,4,0,128.2089053,37.1347936,기타
6635545,2020055,43,충청북도,150,제천시,103,동현동,JAYWALKING,4315010300,150543003,충북 제천3,충청북도 제천시 동현동(동현과선교고가차도서측 부근),4,4,0,2,2,0,128.21994,37.13358625,기타
6635546,2020055,43,충청북도,745,증평군,250,증평읍,JAYWALKING,4374525000,150743001,충북 괴산1,충청북도 증평군 증평읍(증평사거리 부근),6,6,0,2,4,0,127.5815148,36.78409042,기타
6635547,2020055,43,충청북도,730,옥천군,250,옥천읍,JAYWALKING,4373025000,151043001,충북 옥천1,충청북도 옥천군 옥천읍(롯데리아옥천점 부근),8,9,0,4,5,0,127.569879,36.30290645,기타
6635548,2020055,43,충청북도,750,진천군,370,광혜원면,JAYWALKING,4375037000,151243001,충북 진천1,충청북도 진천군 광혜원면(광혜원신양아파트입구 부근),5,5,0,2,3,0,127.4409,36.99006756,기타
6635549,2020055,43,충청북도,750,진천군,250,진천읍,JAYWALKING,4375025000,151243002,충북 진천2,충청북도 진천군 진천읍(스토리 부근),4,4,0,1,3,0,127.4445906,36.85514206,기타
6635550,2020055,43,충청북도,113,청주흥덕구,114,복대동,JAYWALKING,4311311400,151343001,충북 청주흥덕1,충청북도 청주시 흥덕구 복대동(하북대2로하복대로 부근),5,6,0,3,2,1,127.4307739,36.63955525,기타
6635551,2020055,43,충청북도,112,서원구,107,수곡동,JAYWALKING,4311210700,151443001,충북 청주청남1,충청북도 청주시 서원구 수곡동(수정아파트B동 부근),4,4,0,2,2,0,127.4907991,36.6156355,기타
6646191,2020081,43,충청북도,130,충주시,122,안림동,VIOLT,4313012200,43130003,충청북도 충주시3,충청북도 충주시 안림동(미노카랜드 부근),0,3,1,2,0,0,127.946121,36.97768174,기타
6646223,2020081,43,충청북도,113,청주흥덕구,115,봉명동,VIOLT,4311311500,43113002,충청북도 청주시 흥덕구2,충청북도 청주시 흥덕구 봉명동(봉명주현4로봉명주현3로 부근),0,3,0,1,2,0,127.457384,36.6523105,기타
6646248,2020081,43,충청북도,150,제천시,101,의림동,VIOLT,4315010100,43150001,충청북도 제천시1,충청북도 제천시 의림동(인사동밥집 부근),0,4,0,2,2,0,128.2062625,37.14302322,기타
6646257,2020081,43,충청북도,113,청주흥덕구,113,가경동,VIOLT,4311311300,43113003,충청북도 청주시 흥덕구3,충청북도 청주시 흥덕구 가경동(터미널로가경발산남로 부근),0,5,0,0,5,0,127.4341928,36.62359625,기타
6646339,2020081,43,충청북도,112,서원구,104,산남동,VIOLT,4311210400,43112002,충청북도 청주시 서원구2,충청북도 청주시 서원구 산남동(삼남삼거리 부근),0,5,0,1,4,0,127.4706671,36.61580382,기타
6646355,2020081,43,충청북도,770,음성군,330,맹동면,VIOLT,4377033000,43770001,충청북도 음성군1,충청북도 음성군 맹동면(혜윰 부근),0,6,0,2,4,0,127.5397379,36.90755551,기타
6646364,2020081,43,충청북도,760,괴산군,400,소수면,VIOLT,4376040000,43760001,충청북도 괴산군1,충청북도 괴산군 소수면(상경로9237 인근),0,5,0,1,3,1,127.7168222,36.87313595,기타
6646437,2020081,43,충청북도,770,음성군,253,금왕읍,VIOLT,4377025300,43770002,충청북도 음성군2,충청북도 음성군 금왕읍(현대석재산업입구 부근),0,8,0,0,8,0,127.5561964,37.00202981,기타
6646533,2020081,43,충청북도,114,청주청원구,102,내덕동,VIOLT,4311410200,43114002,충청북도 청주시 청원구2,충청북도 청주시 청원구 내덕동(공항로66 부근),0,3,0,1,2,0,127.4869639,36.66285588,기타
6646540,2020081,43,충청북도,112,서원구,102,사창동,VIOLT,4311210200,43112001,충청북도 청주시 서원구1,충청북도 청주시 서원구 사창동(현대아파트4동 부근),0,6,0,2,4,0,127.4587253,36.63376717,기타
6646545,2020081,43,충청북도,130,충주시,116,칠금동,VIOLT,4313011600,43130001,충청북도 충주시1,충청북도 충주시 칠금동(금능사거리 부근),0,7,0,2,5,0,127.9174712,36.98773332,기타
6646547,2020081,43,충청북도,113,청주흥덕구,114,복대동,VIOLT,4311311400,43113001,충청북도 청주시 흥덕구1,충청북도 청주시 흥덕구 복대동(현대2차아파트210동 부근),0,4,0,1,2,1,127.4286782,36.63661974,기타
6646548,2020081,43,충청북도,130,충주시,103,성서동,VIOLT,4313010300,43130002,충청북도 충주시2,충청북도 충주시 성서동(충인4길2 부근),0,3,0,2,1,0,127.9327005,36.97240841,기타
6647029,2020083,43,충청북도,112,서원구,102,사창동,VIOLT,4311210200,43112005,충청북도 청주시 서원구5,충청북도 청주시 서원구 사창동(시계탑오거리 부근),0,10,0,1,9,0,127.4680645,36.63547387,기타
6647098,2020083,43,충청북도,114,청주청원구,102,내덕동,VIOLT,4311410200,43114004,충청북도 청주시 청원구4,충청북도 청주시 청원구 내덕동(공항로74 부근),0,7,0,4,3,0,127.4867512,36.66376637,기타
6647105,2020083,43,충청북도,113,청주흥덕구,114,복대동,VIOLT,4311311400,43113004,충청북도 청주시 흥덕구4,충청북도 청주시 흥덕구 복대동(산업단지육거리 부근),0,6,0,2,4,0,127.4471815,36.63416829,기타
6647139,2020083,43,충청북도,111,청주상당구,111,석교동,VIOLT,4311111100,43111003,충청북도 청주시 상당구3,충청북도 청주시 상당구 석교동(금석교사거리 부근),0,10,0,2,8,0,127.4933789,36.62502058,기타
6647167,2020083,43,충청북도,111,청주상당구,126,방서동,VIOLT,4311112600,43111001,충청북도 청주시 상당구1,충청북도 청주시 상당구 방서동(제1순환로영운뚝방길 부근),0,15,0,8,7,0,127.4988818,36.60603514,기타
6647176,2020083,43,충청북도,113,청주흥덕구,116,송정동,VIOLT,4311311600,43113002,충청북도 청주시 흥덕구2,충청북도 청주시 흥덕구 송정동(솔밭공원4거리 부근),0,17,0,5,12,0,127.4353051,36.64429526,기타
6647189,2020083,43,충청북도,745,증평군,250,증평읍,VIOLT,4374525000,43745001,충청북도 증평군1,충청북도 증평군 증평읍(미대언니들옷장 부근),0,9,0,2,7,0,127.5844105,36.79123409,기타
6647206,2020083,43,충청북도,113,청주흥덕구,115,봉명동,VIOLT,4311311500,43113003,충청북도 청주시 흥덕구3,충청북도 청주시 흥덕구 봉명동(봉명사거리 부근),0,12,0,3,9,0,127.4622331,36.64298164,기타
6647210,2020083,43,충청북도,150,제천시,113,청전동,VIOLT,4315011300,43150001,충청북도 제천시1,충청북도 제천시 청전동(청전교차로 부근),0,10,1,1,8,0,128.2145621,37.15150975,기타
6647242,2020083,43,충청북도,114,청주청원구,104,사천동,VIOLT,4311410400,43114002,충청북도 청주시 청원구2,충청북도 청주시 청원구 사천동(율량교차로 부근),0,15,0,5,10,0,127.4832911,36.67456582,기타
6647326,2020083,43,충청북도,112,서원구,104,산남동,VIOLT,4311210400,43112002,충청북도 청주시 서원구2,충청북도 청주시 서원구 산남동(삼남삼거리 부근),0,12,0,1,11,0,127.4709356,36.61552442,기타
6647329,2020083,43,충청북도,111,청주상당구,119,영운동,VIOLT,4311111900,43111002,충청북도 청주시 상당구2,충청북도 청주시 상당구 영운동(수영로116 부근),0,13,0,2,10,1,127.4989712,36.61633931,기타
6647349,2020083,43,충청북도,112,서원구,103,모충동,VIOLT,4311210300,43112003,충청북도 청주시 서원구3,충청북도 청주시 서원구 모충동(모충사거리 부근),0,8,0,4,4,0,127.4886592,36.62460553,기타
6647350,2020083,43,충청북도,112,서원구,102,사창동,VIOLT,4311210200,43112001,충청북도 청주시 서원구1,충청북도 청주시 서원구 사창동(사창사거리 부근),0,14,0,3,10,1,127.4600879,36.6354886,기타
6647392,2020083,43,충청북도,113,청주흥덕구,113,가경동,VIOLT,4311311300,43113001,충청북도 청주시 흥덕구1,충청북도 청주시 흥덕구 가경동(터미널사거리 부근),0,30,0,5,24,1,127.4283053,36.62865027,기타
6647418,2020083,43,충청북도,130,충주시,105,교현동,VIOLT,4313010500,43130002,충청북도 충주시2,충청북도 충주시 교현동(법원사거리 부근),0,9,0,4,4,1,127.9282725,36.98216001,기타
6647434,2020083,43,충청북도,112,서원구,107,수곡동,VIOLT,4311210700,43112004,충청북도 청주시 서원구4,충청북도 청주시 서원구 수곡동(남중삼거리 부근),0,16,0,2,13,1,127.4861108,36.61531981,기타
6647439,2020083,43,충청북도,114,청주청원구,102,내덕동,VIOLT,4311410200,43114003,충청북도 청주시 청원구3,충청북도 청주시 청원구 내덕동(내덕칠거리 부근),0,10,0,5,5,0,127.4885761,36.65696929,기타
6647472,2020083,43,충청북도,130,충주시,107,호암동,VIOLT,4313010700,43130001,충청북도 충주시1,충청북도 충주시 호암동(호암사거리 부근),0,20,1,5,13,1,127.926757,36.96028751,기타
6647499,2020083,43,충청북도,114,청주청원구,102,내덕동,VIOLT,4311410200,43114001,충청북도 청주시 청원구1,충청북도 청주시 청원구 내덕동(제1순환로교서로 부근),0,10,0,1,9,0,127.4753597,36.6572179,기타
6649853,2020087,43,충청북도,760,괴산군,250,괴산읍,LG,4376025000,43760001,충청북도 괴산군1,충청북도 괴산군 괴산읍(읍내로6길2 인근),0,14,0,4,10,0,127.7940815,36.8083034,기타
6649856,2020087,43,충청북도,760,괴산군,250,괴산읍,LG,4376025000,43760002,충청북도 괴산군2,충청북도 괴산군 괴산읍(대사삼거리 인근),0,8,0,2,6,0,127.7835775,36.79759021,기타
6649857,2020087,43,충청북도,760,괴산군,400,소수면,LG,4376040000,43760003,충청북도 괴산군3,충청북도 괴산군 소수면(아성삼거리 인근),0,6,1,2,3,0,127.7609526,36.83585234,기타
6649858,2020087,43,충청북도,770,음성군,340,대소면,LG,4377034000,43770002,충청북도 음성군2,충청북도 음성군 대소면(오산교서측 인근),0,23,0,2,21,0,127.4871035,36.96715662,기타
6649859,2020087,43,충청북도,770,음성군,340,대소면,LG,4377034000,43770001,충청북도 음성군1,충청북도 음성군 대소면(산내로311 인근),0,27,0,5,22,0,127.4826084,36.97003987,기타
6649860,2020087,43,충청북도,770,음성군,253,금왕읍,LG,4377025300,43770003,충청북도 음성군3,충청북도 음성군 금왕읍(응천동길52 인근),0,16,0,6,10,0,127.5952586,36.99352324,기타
6649887,2020087,43,충청북도,800,단양군,250,단양읍,LG,4380025000,43800001,충청북도 단양군1,충청북도 단양군 단양읍(삼봉로285 인근),0,13,0,4,7,2,128.3690349,36.98223571,기타
6649888,2020087,43,충청북도,800,단양군,253,매포읍,LG,4380025300,43800002,충청북도 단양군2,충청북도 단양군 매포읍(평동1길8018 인근),0,9,2,5,2,0,128.3096835,37.02623956,기타
6649889,2020087,43,충청북도,800,단양군,253,매포읍,LG,4380025300,43800003,충청북도 단양군3,충청북도 단양군 매포읍(단양로1923 인근),0,6,0,0,4,2,128.3030907,37.03357209,기타
6649892,2020087,43,충청북도,745,증평군,250,증평읍,LG,4374525000,43745001,충청북도 증평군1,충청북도 증평군 증평읍(증평사거리 인근),0,25,1,4,18,2,127.5826763,36.78522643,기타
6649893,2020087,43,충청북도,745,증평군,250,증평읍,LG,4374525000,43745002,충청북도 증평군2,충청북도 증평군 증평읍(초중사거리 인근),0,13,0,1,10,2,127.5730938,36.7834479,기타
6649894,2020087,43,충청북도,745,증평군,250,증평읍,LG,4374525000,43745003,충청북도 증평군3,충청북도 증평군 증평읍(윗장뜰사거리 인근),0,8,0,3,5,0,127.5868249,36.78817481,기타
6650231,2020087,43,충청북도,130,충주시,101,성내동,LG,4313010100,43130001,충청북도 충주시1,충청북도 충주시 교현동(예성로186 인근),0,44,0,4,39,1,127.9343906,36.97303628,기타
6650232,2020087,43,충청북도,130,충주시,124,충의동,LG,4313012400,43130002,충청북도 충주시2,충청북도 충주시 문화동(충인2길10 인근),0,30,0,13,16,1,127.9302233,36.97369337,기타
6650233,2020087,43,충청북도,130,충주시,105,교현동,LG,4313010500,43130003,충청북도 충주시3,충청북도 충주시 연수동(법원사거리 인근),0,37,0,9,27,1,127.9282768,36.98234312,기타
6650256,2020087,43,충청북도,150,제천시,108,명동,LG,4315010800,43150001,충청북도 제천시1,충청북도 제천시 화산동(의림대로85 인근),0,29,0,3,25,1,128.2091749,37.13542634,기타
6650257,2020087,43,충청북도,150,제천시,109,화산동,LG,4315010900,43150002,충청북도 제천시2,충청북도 제천시 영천동(내토로438 인근),0,20,0,3,14,3,128.2063364,37.13001209,기타
6650259,2020087,43,충청북도,150,제천시,109,화산동,LG,4315010900,43150003,충청북도 제천시3,충청북도 제천시 화산동(천일알뉴미늄 인근),0,15,0,2,12,1,128.2112014,37.1283075,기타
6650261,2020087,43,충청북도,720,보은군,250,보은읍,LG,4372025000,43720001,충청북도 보은군1,충청북도 보은군 보은읍(터미널삼거리 인근),0,4,0,1,2,1,127.7225937,36.48308446,기타
6650284,2020087,43,충청북도,720,보은군,250,보은읍,LG,4372025000,43720003,충청북도 보은군3,충청북도 보은군 보은읍(장속사거리 인근),0,3,0,1,2,0,127.7116423,36.48547981,기타
6650285,2020087,43,충청북도,720,보은군,250,보은읍,LG,4372025000,43720002,충청북도 보은군2,충청북도 보은군 보은읍(이평교사거리 인근),0,5,1,2,2,0,127.721914,36.48948078,기타
6650287,2020087,43,충청북도,730,옥천군,250,옥천읍,LG,4373025000,43730002,충청북도 옥천군2,충청북도 옥천군 옥천읍(롯데리아옥천점 인근),0,10,0,3,7,0,127.5689568,36.3012029,기타
6650288,2020087,43,충청북도,730,옥천군,250,옥천읍,LG,4373025000,43730001,충청북도 옥천군1,충청북도 옥천군 옥천읍(옥천소교북측 인근),0,12,0,4,8,0,127.5648495,36.30083027,기타
6650289,2020087,43,충청북도,730,옥천군,250,옥천읍,LG,4373025000,43730003,충청북도 옥천군3,충청북도 옥천군 옥천읍(과선교사거리 인근),0,17,0,6,11,0,127.568336,36.29246228,기타
6650292,2020087,43,충청북도,740,영동군,250,영동읍,LG,4374025000,43740001,충청북도 영동군1,충청북도 영동군 영동읍(부용사거리 인근),0,18,1,7,10,0,127.773893,36.17370424,기타
6650320,2020087,43,충청북도,740,영동군,250,영동읍,LG,4374025000,43740002,충청북도 영동군2,충청북도 영동군 영동읍(중앙사거리 인근),0,9,0,5,3,1,127.7777617,36.17536756,기타
6650321,2020087,43,충청북도,740,영동군,250,영동읍,LG,4374025000,43740003,충청북도 영동군3,충청북도 영동군 영동읍(영동교삼거리 인근),0,7,0,4,3,0,127.7752658,36.17081868,기타
6650325,2020087,43,충청북도,750,진천군,370,광혜원면,LG,4375037000,43750002,충청북도 진천군2,충청북도 진천군 광혜원면(만승교차로 인근),0,10,2,2,5,1,127.4438775,36.98902074,기타
6650326,2020087,43,충청북도,750,진천군,250,진천읍,LG,4375025000,43750003,충청북도 진천군3,충청북도 진천군 진천읍(진천보건소앞 인근),0,20,0,3,17,0,127.4386034,36.86094782,기타
6673595,2021018,43,충청북도,113,청주흥덕구,115,봉명동,SCHOOLZONE,4311311500,43113001,충청북도 청주시 흥덕구1,충청북도 청주시 흥덕구 봉명동(봉명초교 부근),2,2,0,0,2,0,127.4564865,36.63944102,어린이
6678133,2021024,43,충청북도,113,청주흥덕구,320,옥산면,OLDMAN,4311332000,43113001,충청북도 청주시 흥덕구1,충청북도 청주시 흥덕구 옥산면(오산리1966 부근),2,2,1,1,0,0,127.3723417,36.66614174,노약자
6678164,2021024,43,충청북도,150,제천시,104,남천동,OLDMAN,4315010400,43150002,충청북도 제천시2,충청북도 제천시 남천동(제천농협 부근),3,3,0,3,0,0,128.2101404,37.13507672,노약자
6678171,2021024,43,충청북도,720,보은군,250,보은읍,OLDMAN,4372025000,43720001,충청북도 보은군1,충청북도 보은군 보은읍(동다리사거리 부근),3,3,0,2,1,0,127.7217759,36.48516167,노약자
6678329,2021024,43,충청북도,111,청주상당구,121,용담동,OLDMAN,4311112100,43111002,충청북도 청주시 상당구2,충청북도 청주시 상당구 용담동(삼덕아파트 부근),3,3,0,3,0,0,127.5035457,36.63175491,노약자
6678440,2021024,43,충청북도,112,서원구,102,사창동,OLDMAN,4311210200,43112002,충청북도 청주시 서원구2,충청북도 청주시 서원구 사창동(웰빙NH홍삼 부근),3,3,0,1,2,0,127.4644297,36.63429188,노약자
6679032,2021024,43,충청북도,130,충주시,118,연수동,OLDMAN,4313011800,43130001,충청북도 충주시1,충청북도 충주시 연수동(동심예능유치원 부근),3,4,0,2,2,0,127.9338322,36.9877017,노약자
6679224,2021024,43,충청북도,150,제천시,114,모산동,OLDMAN,4315011400,43150003,충청북도 제천시3,충청북도 제천시 모산동,2,2,1,1,0,0,128.2083396,37.16532049,노약자
6679236,2021024,43,충청북도,112,서원구,107,수곡동,OLDMAN,4311210700,43112001,충청북도 청주시 서원구1,충청북도 청주시 서원구 수곡동(세원청실아파트103동 부근),3,5,0,5,0,0,127.4729033,36.61678698,노약자
6679258,2021024,43,충청북도,740,영동군,250,영동읍,OLDMAN,4374025000,43740001,충청북도 영동군1,충청북도 영동군 영동읍(중앙사거리 부근),4,4,0,1,3,0,127.7773665,36.17519463,노약자
6682875,2021024,43,충청북도,150,제천시,105,교동,OLDMAN,4315010500,43150001,충청북도 제천시1,충청북도 제천시 교동(선우상사 부근),4,4,0,3,1,0,128.2136437,37.14070194,노약자
6682876,2021024,43,충청북도,760,괴산군,250,괴산읍,OLDMAN,4376025000,43760001,충청북도 괴산군1,충청북도 괴산군 괴산읍(시계탑사거리 부근),5,6,0,3,3,0,127.7950578,36.80878974,노약자
6684464,2021024,43,충청북도,111,청주상당구,111,석교동,OLDMAN,4311111100,43111001,충청북도 청주시 상당구1,충청북도 청주시 상당구 석교동(미래수산 부근),8,9,1,3,5,0,127.4890146,36.62807192,노약자
6685108,2021024,43,충청북도,111,청주상당구,102,북문로1가동,OLDMAN,4311110200,43111003,충청북도 청주시 상당구3,충청북도 청주시 상당구 북문로1가동(상당사거리 부근),3,3,0,2,1,0,127.4898632,36.63628672,노약자
6687366,2021028,43,충청북도,130,충주시,118,연수동,BICYCLE,4313011800,43130002,충청북도 충주시2,충청북도 충주시 연수동(체육관사거리 부근),4,4,0,0,4,0,127.9344051,36.9817411,기타
6689636,2021028,43,충청북도,111,청주상당구,110,남주동,BICYCLE,4311111000,43111001,충청북도 청주시 상당구1,충청북도 청주시 상당구 남주동(석교동133 부근),3,3,1,0,2,0,127.4868537,36.62940151,기타
6689637,2021028,43,충청북도,112,서원구,107,수곡동,BICYCLE,4311210700,43112001,충청북도 청주시 서원구1,충청북도 청주시 서원구 수곡동(비진교 부근),4,5,0,2,3,0,127.494122,36.61537128,기타
6689638,2021028,43,충청북도,113,청주흥덕구,105,신봉동,BICYCLE,4311310500,43113001,충청북도 청주시 흥덕구1,충청북도 청주시 흥덕구 신봉동(아름인도서관 부근),5,5,0,2,3,0,127.4722519,36.65575681,기타
6689639,2021028,43,충청북도,130,충주시,127,문화동,BICYCLE,4313012700,43130001,충청북도 충주시1,충청북도 충주시 문화동(충주고용복지플러스센터 부근),4,4,0,1,1,2,127.9238575,36.97359979,기타
6689640,2021028,43,충청북도,150,제천시,107,중앙로2가,BICYCLE,4315010700,43150001,충청북도 제천시1,충청북도 제천시 중앙로2가(이브자리 부근),4,4,0,0,4,0,128.2119387,37.14106975,기타
6691197,2021029,43,충청북도,130,충주시,110,풍동,FREEZING,4313011000,43130001,충청북도 충주시1,충청북도 충주시 풍동(노루목교 부근),3,10,0,1,9,0,127.9207867,36.93885446,기타
6691506,2021029,43,충청북도,114,청주청원구,103,율량동,FREEZING,4311410300,43114001,충청북도 청주시 청원구1,충청북도 청주시 청원구 율량동(킹스크린골프 부근),2,2,1,1,0,0,127.5143332,36.65817698,기타
6691836,2021029,43,충청북도,111,청주상당구,310,낭성면,FREEZING,4311131000,43111001,충청북도 청주시 상당구1,충청북도 청주시 상당구 낭성면(우리주유소 부근),5,7,1,2,4,0,127.5515416,36.65069198,기타
6712644,2021053,43,충청북도,130,충주시,118,연수동,VIOLT,4313011800,43130002,충청북도 충주시2,충청북도 충주시 연수동(중앙중학교 부근),0,4,0,1,3,0,127.9316328,36.98227404,기타
6712654,2021053,43,충청북도,114,청주청원구,253,오창읍,VIOLT,4311425300,43114002,충청북도 청주시 청원구2,충청북도 청주시 청원구 오창읍(기독교대한성결교회시은교회 부근),0,5,0,1,4,0,127.4304433,36.71375245,기타
6712689,2021053,43,충청북도,111,청주상당구,124,용암동,VIOLT,4311112400,43111002,충청북도 청주시 상당구2,충청북도 청주시 상당구 용암동(강변뜨란채아파트106동 부근),0,4,0,4,0,0,127.497428,36.61282343,기타
6712708,2021053,43,충청북도,113,청주흥덕구,115,봉명동,VIOLT,4311311500,43113003,충청북도 청주시 흥덕구3,충청북도 청주시 흥덕구 봉명동(농수산물시장삼거리 부근),0,3,0,1,2,0,127.466079,36.64836474,기타
6712783,2021053,43,충청북도,113,청주흥덕구,114,복대동,VIOLT,4311311400,43113002,충청북도 청주시 흥덕구2,충청북도 청주시 흥덕구 복대동(삼복교회 부근),0,5,0,3,1,1,127.4315572,36.6319156,기타
6712816,2021053,43,충청북도,150,제천시,110,영천동,VIOLT,4315011000,43150002,충청북도 제천시2,충청북도 제천시 영천동(남당사거리 부근),0,5,0,1,4,0,128.2039409,37.13064273,기타
6712867,2021053,43,충청북도,150,제천시,114,모산동,VIOLT,4315011400,43150001,충청북도 제천시1,충청북도 제천시 모산동(의림지 부근),0,7,0,2,5,0,128.2128716,37.1729552,기타
6712878,2021053,43,충청북도,113,청주흥덕구,113,가경동,VIOLT,4311311300,43113001,충청북도 청주시 흥덕구1,충청북도 청주시 흥덕구 가경동(서부소방서사거리 부근),0,6,0,0,5,1,127.4374779,36.62740235,기타
6712933,2021053,43,충청북도,130,충주시,105,교현동,VIOLT,4313010500,43130001,충청북도 충주시1,충청북도 충주시 교현동(참좋은어린이집 부근),0,4,0,2,2,0,127.9396612,36.98132512,기타
6712939,2021053,43,충청북도,113,청주흥덕구,114,복대동,VIOLT,4311311400,43113004,충청북도 청주시 흥덕구4,충청북도 청주시 흥덕구 복대동(복대동3390 부근),0,5,0,0,5,0,127.427289,36.63896279,기타
6713004,2021053,43,충청북도,111,청주상당구,124,용암동,VIOLT,4311112400,43111003,충청북도 청주시 상당구3,충청북도 청주시 상당구 용암동(용암1교 부근),0,4,0,2,2,0,127.505983,36.61753816,기타
6713020,2021053,43,충청북도,114,청주청원구,102,내덕동,VIOLT,4311410200,43114003,충청북도 청주시 청원구3,충청북도 청주시 청원구 내덕동(사천교 부근),0,3,0,1,2,0,127.4865729,36.66590108,기타
6713035,2021053,43,충청북도,114,청주청원구,103,율량동,VIOLT,4311410300,43114001,충청북도 청주시 청원구1,충청북도 청주시 청원구 율량동(상리교차로 부근),0,9,0,4,5,0,127.5137523,36.66306314,기타
6713047,2021053,43,충청북도,111,청주상당구,124,용암동,VIOLT,4311112400,43111001,충청북도 청주시 상당구1,충청북도 청주시 상당구 용암동(엔실용음악학원 부근),0,8,0,4,4,0,127.5137897,36.62186471,기타
6713326,2021054,43,충청북도,114,청주청원구,102,내덕동,VIOLT,4311410200,43114001,충청북도 청주시 청원구1,충청북도 청주시 청원구 내덕동(제2운천교 부근),0,12,0,2,10,0,127.4751269,36.65730079,기타
6713354,2021054,43,충청북도,114,청주청원구,102,내덕동,VIOLT,4311410200,43114003,충청북도 청주시 청원구3,충청북도 청주시 청원구 내덕동(내덕사거리 부근),0,9,0,5,4,0,127.4868183,36.66404584,기타
6713366,2021054,43,충청북도,112,서원구,109,개신동,VIOLT,4311210900,43112003,충청북도 청주시 서원구3,충청북도 청주시 서원구 개신동(개신오거리 부근),0,8,0,2,6,0,127.4639757,36.62442033,기타
6713376,2021054,43,충청북도,130,충주시,105,교현동,VIOLT,4313010500,43130001,충청북도 충주시1,충청북도 충주시 교현동(법원사거리 부근),0,15,0,5,8,2,127.9284867,36.98229446,기타
6713378,2021054,43,충청북도,130,충주시,118,연수동,VIOLT,4313011800,43130004,충청북도 충주시4,충청북도 충주시 연수동(임광사거리 부근),0,8,0,2,6,0,127.9283674,36.98707251,기타
6713394,2021054,43,충청북도,114,청주청원구,106,주중동,VIOLT,4311410600,43114004,충청북도 청주시 청원구4,충청북도 청주시 청원구 주중동(율량교차로 부근),0,19,0,1,18,0,127.4832354,36.67376349,기타
6713409,2021054,43,충청북도,111,청주상당구,124,용암동,VIOLT,4311112400,43111001,충청북도 청주시 상당구1,충청북도 청주시 상당구 용암동(방서사거리 부근),0,7,0,2,5,0,127.500984,36.60591794,기타
6713467,2021054,43,충청북도,150,제천시,113,청전동,VIOLT,4315011300,43150002,충청북도 제천시2,충청북도 제천시 청전동(아이비렌트카 부근),0,7,0,2,5,0,128.2143592,37.15149294,기타
6713469,2021054,43,충청북도,113,청주흥덕구,134,송절동,VIOLT,4311313400,43113002,충청북도 청주시 흥덕구2,충청북도 청주시 흥덕구 송절동(송절교차로 부근),0,10,0,4,6,0,127.4541235,36.66023343,기타
6713476,2021054,43,충청북도,113,청주흥덕구,114,복대동,VIOLT,4311311400,43113001,충청북도 청주시 흥덕구1,충청북도 청주시 흥덕구 복대동(터미널사거리 부근),0,15,0,4,11,0,127.4282382,36.62865023,기타
6713482,2021054,43,충청북도,114,청주청원구,102,내덕동,VIOLT,4311410200,43114002,충청북도 청주시 청원구2,충청북도 청주시 청원구 내덕동(내덕칠거리 부근),0,15,0,4,11,0,127.4885426,36.65692421,기타
6713521,2021054,43,충청북도,112,서원구,104,산남동,VIOLT,4311210400,43112002,충청북도 청주시 서원구2,충청북도 청주시 서원구 산남동(산남사거리 부근),0,10,0,4,6,0,127.470902,36.61554244,기타
6713522,2021054,43,충청북도,113,청주흥덕구,113,가경동,VIOLT,4311311300,43113003,충청북도 청주시 흥덕구3,충청북도 청주시 흥덕구 가경동(청주터미널앞사거리 부근),0,8,0,0,8,0,127.4306458,36.62539724,기타
6713547,2021054,43,충청북도,112,서원구,102,사창동,VIOLT,4311210200,43112001,충청북도 청주시 서원구1,충청북도 청주시 서원구 사창동(사창사거리 부근),0,20,0,9,11,0,127.4599999,36.63471418,기타
6713570,2021054,43,충청북도,150,제천시,110,영천동,VIOLT,4315011000,43150001,충청북도 제천시1,충청북도 제천시 영천동(역전교차로 부근),0,17,0,2,15,0,128.2063781,37.13002429,기타
6713575,2021054,43,충청북도,130,충주시,115,봉방동,VIOLT,4313011500,43130005,충청북도 충주시5,충청북도 충주시 봉방동(탄금대로157 부근),0,11,0,1,10,0,127.9128279,36.98105187,기타
6713612,2021054,43,충청북도,130,충주시,116,칠금동,VIOLT,4313011600,43130002,충청북도 충주시2,충청북도 충주시 칠금동(칠금우체국사거리 부근),0,12,1,3,8,0,127.9217899,36.98229139,기타
6713631,2021054,43,충청북도,130,충주시,116,칠금동,VIOLT,4313011600,43130003,충청북도 충주시3,충청북도 충주시 칠금동(금릉사거리 부근),0,8,0,3,5,0,127.9177972,36.98776823,기타
6715888,2021056,43,충청북도,130,충주시,118,연수동,LG,4313011800,43130001,충청북도 충주시1,충청북도 충주시 연수동(충주제일감리교회 인근),0,28,0,3,25,0,127.9340065,36.98332506,기타
6715889,2021056,43,충청북도,130,충주시,127,문화동,LG,4313012700,43130002,충청북도 충주시2,충청북도 충주시 문화동(충주고용복지플러스센터 인근),0,31,1,5,22,3,127.9237943,36.97372859,기타
6715890,2021056,43,충청북도,130,충주시,118,연수동,LG,4313011800,43130003,충청북도 충주시3,충청북도 충주시 금릉동(임광사거리 인근),0,26,0,5,21,0,127.9283419,36.98723199,기타
6715893,2021056,43,충청북도,150,제천시,106,중앙로1가,LG,4315010600,43150001,충청북도 제천시1,충청북도 제천시 명동(제천단양축산농협중부지점 인근),0,31,1,6,22,2,128.2114103,37.13585631,기타
6715894,2021056,43,충청북도,150,제천시,110,영천동,LG,4315011000,43150002,충청북도 제천시2,충청북도 제천시 영천동(남당사거리 인근),0,28,0,4,24,0,128.2046252,37.13059912,기타
6715896,2021056,43,충청북도,150,제천시,103,동현동,LG,4315010300,43150003,충청북도 제천시3,충청북도 제천시 신백동(동현교차로 인근),0,22,0,7,13,2,128.2223361,37.1331155,기타
6715898,2021056,43,충청북도,720,보은군,250,보은읍,LG,4372025000,43720001,충청북도 보은군1,충청북도 보은군 보은읍(동다리사거리 인근),0,9,0,3,6,0,127.7217097,36.48516871,기타
6715899,2021056,43,충청북도,720,보은군,250,보은읍,LG,4372025000,43720002,충청북도 보은군2,충청북도 보은군 보은읍(보은교차로 인근),0,8,0,1,5,2,127.730228,36.49170707,기타
6715903,2021056,43,충청북도,730,옥천군,250,옥천읍,LG,4373025000,43730002,충청북도 옥천군2,충청북도 옥천군 옥천읍(롯데리아옥천점 인근),0,7,0,2,5,0,127.5689568,36.3012029,기타
6715904,2021056,43,충청북도,730,옥천군,250,옥천읍,LG,4373025000,43730001,충청북도 옥천군1,충청북도 옥천군 옥천읍(가회지하차도교차로 인근),0,10,1,1,8,0,127.5645989,36.30171215,기타
6715905,2021056,43,충청북도,730,옥천군,250,옥천읍,LG,4373025000,43730003,충청북도 옥천군3,충청북도 옥천군 옥천읍(옥천우체국 인근),0,5,1,1,3,0,127.5666798,36.29862413,기타
6715908,2021056,43,충청북도,740,영동군,250,영동읍,LG,4374025000,43740001,충청북도 영동군1,충청북도 영동군 영동읍(중앙사거리 인근),0,12,0,4,8,0,127.7777617,36.17536756,기타
6715909,2021056,43,충청북도,740,영동군,250,영동읍,LG,4374025000,43740002,충청북도 영동군2,충청북도 영동군 영동읍(부용사거리 인근),0,12,0,2,10,0,127.773893,36.17370424,기타
6715911,2021056,43,충청북도,740,영동군,320,황간면,LG,4374032000,43740003,충청북도 영동군3,충청북도 영동군 황간면(남성리697 인근),0,3,0,2,1,0,127.9090497,36.22861691,기타
6715913,2021056,43,충청북도,750,진천군,250,진천읍,LG,4375025000,43750001,충청북도 진천군1,충청북도 진천군 진천읍(안골삼거리 인근),0,20,0,2,18,0,127.4686653,36.87117899,기타
6715914,2021056,43,충청북도,750,진천군,370,광혜원면,LG,4375037000,43750002,충청북도 진천군2,충청북도 진천군 광혜원면(광혜원리2782 인근),0,10,0,1,8,1,127.4448536,36.98984185,기타
6715918,2021056,43,충청북도,760,괴산군,250,괴산읍,LG,4376025000,43760001,충청북도 괴산군1,충청북도 괴산군 괴산읍(시계탑사거리 인근),0,12,0,5,7,0,127.7945823,36.80923068,기타
6715919,2021056,43,충청북도,760,괴산군,250,괴산읍,LG,4376025000,43760002,충청북도 괴산군2,충청북도 괴산군 괴산읍(금산삼거리 인근),0,8,0,0,8,0,127.7920724,36.80481075,기타
6715921,2021056,43,충청북도,760,괴산군,250,괴산읍,LG,4376025000,43760003,충청북도 괴산군3,충청북도 괴산군 괴산읍(대사삼거리 인근),0,6,0,2,4,0,127.7835775,36.79759021,기타
6715923,2021056,43,충청북도,770,음성군,330,맹동면,LG,4377033000,43770001,충청북도 음성군1,충청북도 음성군 맹동면(위너스타워 인근),0,11,0,1,10,0,127.5422337,36.90862116,기타
6715924,2021056,43,충청북도,770,음성군,340,대소면,LG,4377034000,43770002,충청북도 음성군2,충청북도 음성군 대소면(오산삼거리 인근),0,11,0,5,6,0,127.4900497,36.966079,기타
6715925,2021056,43,충청북도,770,음성군,250,음성읍,LG,4377025000,43770003,충청북도 음성군3,충청북도 음성군 음성읍(읍내리3032 인근),0,16,0,4,12,0,127.6913658,36.93763879,기타
6715928,2021056,43,충청북도,800,단양군,250,단양읍,LG,4380025000,43800002,충청북도 단양군2,충청북도 단양군 단양읍(CU단양중앙점 인근),0,9,0,1,8,0,128.3687516,36.98120718,기타
6715929,2021056,43,충청북도,800,단양군,250,단양읍,LG,4380025000,43800001,충청북도 단양군1,충청북도 단양군 단양읍(NH농협은행단양군지부 인근),0,9,0,2,7,0,128.3692858,36.98480649,기타
6715930,2021056,43,충청북도,800,단양군,250,단양읍,LG,4380025000,43800003,충청북도 단양군3,충청북도 단양군 단양읍(중앙자율방범대 인근),0,6,0,2,3,1,128.3555812,36.97758765,기타
6715933,2021056,43,충청북도,745,증평군,250,증평읍,LG,4374525000,43745001,충청북도 증평군1,충청북도 증평군 증평읍(증평사거리 인근),0,11,0,5,5,1,127.5826763,36.78522643,기타
6715934,2021056,43,충청북도,745,증평군,250,증평읍,LG,4374525000,43745002,충청북도 증평군2,충청북도 증평군 증평읍(초중사거리 인근),0,12,1,6,5,0,127.5730938,36.7834479,기타
6715935,2021056,43,충청북도,745,증평군,250,증평읍,LG,4374525000,43745003,충청북도 증평군3,충청북도 증평군 증평읍(윗장뜰사거리 인근),0,16,0,2,12,2,127.5868249,36.78817481,기타
