사고다발지fid,사고다발지id,법규위반,법정동코드,지점코드,시도시군구명,지점명,사고건수,사상자수,사망자수,중상자수,경상자수,부상신고자수,경도,위도,다발지역폴리곤
6835754,2023021,중앙선침범,4311111900,43111001,충북 청주시 상당구1,충북 청주시 상당구 영운동(영운사거리 부근),3,4,0,2,2,0,127.498965591421,36.614630961576,"{""type"":""Polygon"",""coordinates"":[[[127.50166054,36.61463096],[127.50160875,36.61420895],[127.5014554,36.61380316],[127.50120636,36.61342918],[127.50087121,36.61310138],[127.50046282,36.61283236],[127.4999969,36.61263246],[127.49949135,36.61250936],[127.49896559,36.61246779],[127.49843983,36.61250936],[127.49793428,36.61263246],[127.49746836,36.61283236],[127.49705998,36.61310138],[127.49672483,36.61342918],[127.49647579,36.61380316],[127.49632243,36.61420895],[127.49627065,36.61463096],[127.49632243,36.61505297],[127.49647579,36.61545875],[127.49672483,36.61583273],[127.49705998,36.61616052],[127.49746836,36.61642953],[127.49793428,36.61662942],[127.49843983,36.61675251],[127.49896559,36.61679407],[127.49949135,36.61675251],[127.4999969,36.61662942],[127.50046282,36.61642953],[127.50087121,36.61616052],[127.50120636,36.61583273],[127.5014554,36.61545875],[127.50160875,36.61505297],[127.50166054,36.61463096]]]}"
6835383,2023021,중앙선침범,4311210700,43112001,충북 청주시 서원구1,충북 청주시 서원구 수곡동(청렴연수원사거리 부근),4,4,0,1,3,0,127.484768564278,36.619971880254,"{""type"":""Polygon"",""coordinates"":[[[127.48746351,36.61997188],[127.48741173,36.6195499],[127.48725837,36.61914414],[127.48700933,36.61877018],[127.48667418,36.6184424],[127.4862658,36.6181734],[127.48579988,36.61797351],[127.48529432,36.61785042],[127.48476856,36.61780886],[127.48424281,36.61785042],[127.48373725,36.61797351],[127.48327133,36.6181734],[127.48286295,36.6184424],[127.4825278,36.61877018],[127.48227876,36.61914414],[127.4821254,36.6195499],[127.48207362,36.61997188],[127.4821254,36.62039386],[127.48227876,36.62079962],[127.4825278,36.62117356],[127.48286295,36.62150133],[127.48327133,36.62177032],[127.48373725,36.6219702],[127.48424281,36.62209328],[127.48476856,36.62213484],[127.48529432,36.62209328],[127.48579988,36.6219702],[127.4862658,36.62177032],[127.48667418,36.62150133],[127.48700933,36.62117356],[127.48725837,36.62079962],[127.48741173,36.62039386],[127.48746351,36.61997188]]]}"
6835479,2023021,중앙선침범,4311210100,43112002,충북 청주시 서원구2,충북 청주시 서원구 사직동(삼원맨션사거리 부근),4,9,0,4,5,0,127.481895833227,36.644364871019,"{""type"":""Polygon"",""coordinates"":[[[127.48459078,36.64436487],[127.484539,36.64394303],[127.48438564,36.64353739],[127.4841366,36.64316355],[127.48380145,36.64283588],[127.48339306,36.64256696],[127.48292714,36.64236714],[127.48242159,36.64224409],[127.48189583,36.64220254],[127.48137008,36.64224409],[127.48086452,36.64236714],[127.4803986,36.64256696],[127.47999022,36.64283588],[127.47965507,36.64316355],[127.47940603,36.64353739],[127.47925267,36.64394303],[127.47920089,36.64436487],[127.47925267,36.64478671],[127.47940603,36.64519234],[127.47965507,36.64556617],[127.47999022,36.64589384],[127.4803986,36.64616274],[127.48086452,36.64636255],[127.48137008,36.6464856],[127.48189583,36.64652715],[127.48242159,36.6464856],[127.48292714,36.64636255],[127.48339306,36.64616274],[127.48380145,36.64589384],[127.4841366,36.64556617],[127.48438564,36.64519234],[127.484539,36.64478671],[127.48459078,36.64436487]]]}"
6835357,2023021,중앙선침범,4311311400,43113001,충북 청주시 흥덕구1,충북 청주시 흥덕구 복대동(기상대사거리 부근),3,3,0,1,2,0,127.44271832747,36.639110328336,"{""type"":""Polygon"",""coordinates"":[[[127.44541327,36.63911033],[127.44536149,36.63868845],[127.44520813,36.63828279],[127.44495909,36.63790892],[127.44462394,36.63758123],[127.44421556,36.63731229],[127.44374964,36.63711246],[127.44324409,36.6369894],[127.44271833,36.63694785],[127.44219257,36.6369894],[127.44168702,36.63711246],[127.4412211,36.63731229],[127.44081271,36.63758123],[127.44047756,36.63790892],[127.44022852,36.63828279],[127.44007516,36.63868845],[127.44002338,36.63911033],[127.44007516,36.6395322],[127.44022852,36.63993786],[127.44047756,36.64031171],[127.44081271,36.6406394],[127.4412211,36.64090832],[127.44168702,36.64110815],[127.44219257,36.6412312],[127.44271833,36.64127275],[127.44324409,36.6412312],[127.44374964,36.64110815],[127.44421556,36.64090832],[127.44462394,36.6406394],[127.44495909,36.64031171],[127.44520813,36.63993786],[127.44536149,36.6395322],[127.44541327,36.63911033]]]}"
6835710,2023021,중앙선침범,4311313600,43113002,충북 청주시 흥덕구2,충북 청주시 흥덕구 외북동(329- 부근),3,3,0,1,2,0,127.435744868321,36.660324093426,"{""type"":""Polygon"",""coordinates"":[[[127.43843981,36.66032409],[127.43838803,36.65990233],[127.43823467,36.65949678],[127.43798563,36.65912302],[127.43765048,36.65879541],[127.4372421,36.65852655],[127.43677618,36.65832677],[127.43627063,36.65820375],[127.43574487,36.65816221],[127.43521911,36.65820375],[127.43471356,36.65832677],[127.43424764,36.65852655],[127.43383925,36.65879541],[127.4335041,36.65912302],[127.43325506,36.65949678],[127.43310171,36.65990233],[127.43304992,36.66032409],[127.43310171,36.66074585],[127.43325506,36.6611514],[127.4335041,36.66152515],[127.43383925,36.66185274],[127.43424764,36.66212159],[127.43471356,36.66232136],[127.43521911,36.66244438],[127.43574487,36.66248592],[127.43627063,36.66244438],[127.43677618,36.66232136],[127.4372421,36.66212159],[127.43765048,36.66185274],[127.43798563,36.66152515],[127.43823467,36.6611514],[127.43838803,36.66074585],[127.43843981,36.66032409]]]}"
6835544,2023021,중앙선침범,4311311400,43113003,충북 청주시 흥덕구3,충북 청주시 흥덕구 복대동(충대정문오거리 부근),3,4,0,0,4,0,127.455582525875,36.633098931471,"{""type"":""Polygon"",""coordinates"":[[[127.45827747,36.63309893],[127.45822569,36.63267702],[127.45807233,36.63227133],[127.45782329,36.63189743],[127.45748814,36.63156971],[127.45707976,36.63130076],[127.45661384,36.6311009],[127.45610828,36.63097784],[127.45558253,36.63093628],[127.45505677,36.63097784],[127.45455121,36.6311009],[127.45408529,36.63130076],[127.45367691,36.63156971],[127.45334176,36.63189743],[127.45309272,36.63227133],[127.45293936,36.63267702],[127.45288758,36.63309893],[127.45293936,36.63352084],[127.45309272,36.63392653],[127.45334176,36.63430041],[127.45367691,36.63462812],[127.45408529,36.63489706],[127.45455121,36.63509691],[127.45505677,36.63521997],[127.45558253,36.63526152],[127.45610828,36.63521997],[127.45661384,36.63509691],[127.45707976,36.63489706],[127.45748814,36.63462812],[127.45782329,36.63430041],[127.45807233,36.63392653],[127.45822569,36.63352084],[127.45827747,36.63309893]]]}"
6835457,2023021,중앙선침범,4311311600,43113004,충북 청주시 흥덕구4,충북 청주시 흥덕구 송정동(도담어린이집 부근),3,4,0,1,2,1,127.438066154238,36.646682743562,"{""type"":""Polygon"",""coordinates"":[[[127.4407611,36.64668274],[127.44070932,36.64626091],[127.44055596,36.64585529],[127.44030692,36.64548146],[127.43997177,36.64515379],[127.43956339,36.64488489],[127.43909747,36.64468507],[127.43859191,36.64456202],[127.43806615,36.64452047],[127.4375404,36.64456202],[127.43703484,36.64468507],[127.43656892,36.64488489],[127.43616054,36.64515379],[127.43582539,36.64548146],[127.43557635,36.64585529],[127.43542299,36.64626091],[127.43537121,36.64668274],[127.43542299,36.64710457],[127.43557635,36.64751019],[127.43582539,36.64788401],[127.43616054,36.64821166],[127.43656892,36.64848056],[127.43703484,36.64868037],[127.4375404,36.64880341],[127.43806615,36.64884495],[127.43859191,36.64880341],[127.43909747,36.64868037],[127.43956339,36.64848056],[127.43997177,36.64821166],[127.44030692,36.64788401],[127.44055596,36.64751019],[127.44070932,36.64710457],[127.4407611,36.64668274]]]}"
6835467,2023021,중앙선침범,4311311300,43113005,충북 청주시 흥덕구5,충북 청주시 흥덕구 가경동(터미널주차장사거리 부근),4,4,0,0,4,0,127.433501711757,36.627418725565,"{""type"":""Polygon"",""coordinates"":[[[127.43619666,36.62741873],[127.43614487,36.62699679],[127.43599152,36.62659106],[127.43574248,36.62621714],[127.43540733,36.62588939],[127.43499894,36.62562042],[127.43453302,36.62542055],[127.43402747,36.62529747],[127.43350171,36.62525591],[127.43297595,36.62529747],[127.4324704,36.62542055],[127.43200448,36.62562042],[127.4315961,36.62588939],[127.43126095,36.62621714],[127.43101191,36.62659106],[127.43085855,36.62699679],[127.43080677,36.62741873],[127.43085855,36.62784066],[127.43101191,36.62824638],[127.43126095,36.62862029],[127.4315961,36.62894803],[127.43200448,36.62921699],[127.4324704,36.62941685],[127.43297595,36.62953992],[127.43350171,36.62958148],[127.43402747,36.62953992],[127.43453302,36.62941685],[127.43499894,36.62921699],[127.43540733,36.62894803],[127.43574248,36.62862029],[127.43599152,36.62824638],[127.43614487,36.62784066],[127.43619666,36.62741873]]]}"
6835533,2023021,중앙선침범,4311311300,43113006,충북 청주시 흥덕구6,충북 청주시 흥덕구 가경동(강서지구사거리 부근),3,4,0,1,3,0,127.431346567623,36.623481956245,"{""type"":""Polygon"",""coordinates"":[[[127.43404151,36.62348196],[127.43398973,36.62306],[127.43383637,36.62265425],[127.43358733,36.62228031],[127.43325218,36.62195255],[127.4328438,36.62168356],[127.43237788,36.62148368],[127.43187233,36.6213606],[127.43134657,36.62131903],[127.43082081,36.6213606],[127.43031526,36.62148368],[127.42984934,36.62168356],[127.42944095,36.62195255],[127.4291058,36.62228031],[127.42885676,36.62265425],[127.4287034,36.62306],[127.42865162,36.62348196],[127.4287034,36.62390391],[127.42885676,36.62430965],[127.4291058,36.62468358],[127.42944095,36.62501134],[127.42984934,36.62528031],[127.43031526,36.62548018],[127.43082081,36.62560326],[127.43134657,36.62564482],[127.43187233,36.62560326],[127.43237788,36.62548018],[127.4328438,36.62528031],[127.43325218,36.62501134],[127.43358733,36.62468358],[127.43383637,36.62430965],[127.43398973,36.62390391],[127.43404151,36.62348196]]]}"
6835624,2023021,중앙선침범,4311311500,43113007,충북 청주시 흥덕구7,충북 청주시 흥덕구 봉명동(봉덕초등학교 부근),3,4,0,2,2,0,127.460147967359,36.651373895864,"{""type"":""Polygon"",""coordinates"":[[[127.46284291,36.6513739],[127.46279113,36.65095209],[127.46263777,36.65054649],[127.46238873,36.65017268],[127.46205358,36.64984504],[127.4616452,36.64957615],[127.46117928,36.64937634],[127.46067373,36.6492533],[127.46014797,36.64921176],[127.45962221,36.6492533],[127.45911666,36.64937634],[127.45865074,36.64957615],[127.45824235,36.64984504],[127.4579072,36.65017268],[127.45765816,36.65054649],[127.4575048,36.65095209],[127.45745302,36.6513739],[127.4575048,36.6517957],[127.45765816,36.65220129],[127.4579072,36.65257509],[127.45824235,36.65290272],[127.45865074,36.6531716],[127.45911666,36.6533714],[127.45962221,36.65349443],[127.46014797,36.65353597],[127.46067373,36.65349443],[127.46117928,36.6533714],[127.4616452,36.6531716],[127.46205358,36.65290272],[127.46238873,36.65257509],[127.46263777,36.65220129],[127.46279113,36.6517957],[127.46284291,36.6513739]]]}"
6835819,2023021,중앙선침범,4311410200,43114001,충북 청주시 청원구1,충북 청주시 청원구 내덕동(서희스타힐스 바른어린이집 부근),3,8,0,0,8,0,127.496446711872,36.662341361774,"{""type"":""Polygon"",""coordinates"":[[[127.49914166,36.66234136],[127.49908988,36.66191961],[127.49893652,36.66151407],[127.49868748,36.66114032],[127.49835233,36.66081272],[127.49794394,36.66054387],[127.49747802,36.66034409],[127.49697247,36.66022107],[127.49644671,36.66017953],[127.49592095,36.66022107],[127.4954154,36.66034409],[127.49494948,36.66054387],[127.4945411,36.66081272],[127.49420595,36.66114032],[127.49395691,36.66151407],[127.49380355,36.66191961],[127.49375177,36.66234136],[127.49380355,36.66276311],[127.49395691,36.66316864],[127.49420595,36.66354238],[127.4945411,36.66386997],[127.49494948,36.66413881],[127.4954154,36.66433858],[127.49592095,36.66446159],[127.49644671,36.66450313],[127.49697247,36.66446159],[127.49747802,36.66433858],[127.49794394,36.66413881],[127.49835233,36.66386997],[127.49868748,36.66354238],[127.49893652,36.66316864],[127.49908988,36.66276311],[127.49914166,36.66234136]]]}"
6836097,2023022,신호위반,4311112500,43111001,충북 청주시 상당구1,충북 청주시 상당구 용정동(1093- 부근),6,8,0,2,6,0,127.518817166921,36.623328963606,"{""type"":""Polygon"",""coordinates"":[[[127.51971548,36.62332896],[127.51969822,36.62318831],[127.5196471,36.62305306],[127.51956409,36.62292842],[127.51945237,36.62281916],[127.51931624,36.6227295],[127.51916094,36.62266288],[127.51899242,36.62262185],[127.51881717,36.622608],[127.51864191,36.62262185],[127.5184734,36.62266288],[127.51831809,36.6227295],[127.51818196,36.62281916],[127.51807025,36.62292842],[127.51798723,36.62305306],[127.51793611,36.62318831],[127.51791885,36.62332896],[127.51793611,36.62346962],[127.51798723,36.62360486],[127.51807025,36.62372951],[127.51818196,36.62383876],[127.51831809,36.62392842],[127.5184734,36.62399505],[127.51864191,36.62403607],[127.51881717,36.62404993],[127.51899242,36.62403607],[127.51916094,36.62399505],[127.51931624,36.62392842],[127.51945237,36.62383876],[127.51956409,36.62372951],[127.5196471,36.62360486],[127.51969822,36.62346962],[127.51971548,36.62332896]]]}"
6836121,2023022,신호위반,4311112400,43111002,충북 청주시 상당구2,충북 청주시 상당구 용암동(방서사거리 부근),9,12,0,0,12,0,127.501990320516,36.606183874133,"{""type"":""Polygon"",""coordinates"":[[[127.50288864,36.60618387],[127.50287137,36.60604319],[127.50282026,36.60590791],[127.50273724,36.60578324],[127.50262553,36.60567396],[127.5024894,36.60558428],[127.50233409,36.60551764],[127.50216557,36.6054766],[127.50199032,36.60546275],[127.50181507,36.6054766],[127.50164655,36.60551764],[127.50149124,36.60558428],[127.50135512,36.60567396],[127.5012434,36.60578324],[127.50116039,36.60590791],[127.50110927,36.60604319],[127.50109201,36.60618387],[127.50110927,36.60632456],[127.50116039,36.60645984],[127.5012434,36.60658451],[127.50135512,36.60669379],[127.50149124,36.60678347],[127.50164655,36.6068501],[127.50181507,36.60689114],[127.50199032,36.606905],[127.50216557,36.60689114],[127.50233409,36.6068501],[127.5024894,36.60678347],[127.50262553,36.60669379],[127.50273724,36.60658451],[127.50282026,36.60645984],[127.50287137,36.60632456],[127.50288864,36.60618387]]]}"
6835897,2023022,신호위반,4311210300,43112001,충북 청주시 서원구1,충북 청주시 서원구 모충동(모충사거리 부근),7,8,1,1,6,0,127.489179151364,36.625322273214,"{""type"":""Polygon"",""coordinates"":[[[127.49007747,36.62532227],[127.49006021,36.62518162],[127.49000909,36.62504638],[127.48992607,36.62492174],[127.48981436,36.62481249],[127.48967823,36.62472283],[127.48952292,36.6246562],[127.4893544,36.62461518],[127.48917915,36.62460132],[127.4890039,36.62461518],[127.48883538,36.6246562],[127.48868007,36.62472283],[127.48854395,36.62481249],[127.48843223,36.62492174],[127.48834922,36.62504638],[127.4882981,36.62518162],[127.48828084,36.62532227],[127.4882981,36.62546292],[127.48834922,36.62559817],[127.48843223,36.62572281],[127.48854395,36.62583206],[127.48868007,36.62592172],[127.48883538,36.62598834],[127.4890039,36.62602936],[127.48917915,36.62604322],[127.4893544,36.62602936],[127.48952292,36.62598834],[127.48967823,36.62592172],[127.48981436,36.62583206],[127.48992607,36.62572281],[127.49000909,36.62559817],[127.49006021,36.62546292],[127.49007747,36.62532227]]]}"
6836283,2023022,신호위반,4311210200,43112002,충북 청주시 서원구2,충북 청주시 서원구 사창동(사창사거리 부근),13,17,0,7,10,0,127.460055979561,36.634515867978,"{""type"":""Polygon"",""coordinates"":[[[127.46095429,36.63451587],[127.46093703,36.63437523],[127.46088591,36.63424001],[127.4608029,36.63411538],[127.46069118,36.63400614],[127.46055506,36.63391649],[127.46039975,36.63384988],[127.46023123,36.63380886],[127.46005598,36.633795],[127.45988073,36.63380886],[127.45971221,36.63384988],[127.4595569,36.63391649],[127.45942077,36.63400614],[127.45930906,36.63411538],[127.45922604,36.63424001],[127.45917493,36.63437523],[127.45915766,36.63451587],[127.45917493,36.6346565],[127.45922604,36.63479173],[127.45930906,36.63491636],[127.45942077,36.63502559],[127.4595569,36.63511524],[127.45971221,36.63518185],[127.45988073,36.63522287],[127.46005598,36.63523673],[127.46023123,36.63522287],[127.46039975,36.63518185],[127.46055506,36.63511524],[127.46069118,36.63502559],[127.4608029,36.63491636],[127.46088591,36.63479173],[127.46093703,36.6346565],[127.46095429,36.63451587]]]}"
6836164,2023022,신호위반,4311325027,43113001,충북 청주시 흥덕구1,충북 청주시 흥덕구 오송읍 궁평리(궁평1교차로 부근),7,13,0,1,12,0,127.341613866003,36.619447898406,"{""type"":""Polygon"",""coordinates"":[[[127.34251218,36.6194479],[127.34249492,36.61930724],[127.3424438,36.61917198],[127.34236079,36.61904733],[127.34224907,36.61893807],[127.34211294,36.61884841],[127.34195764,36.61878178],[127.34178912,36.61874075],[127.34161387,36.61872689],[127.34143861,36.61874075],[127.3412701,36.61878178],[127.34111479,36.61884841],[127.34097866,36.61893807],[127.34086694,36.61904733],[127.34078393,36.61917198],[127.34073281,36.61930724],[127.34071555,36.6194479],[127.34073281,36.61958856],[127.34078393,36.61972381],[127.34086694,36.61984846],[127.34097866,36.61995772],[127.34111479,36.62004739],[127.3412701,36.62011401],[127.34143861,36.62015504],[127.34161387,36.6201689],[127.34178912,36.62015504],[127.34195764,36.62011401],[127.34211294,36.62004739],[127.34224907,36.61995772],[127.34236079,36.61984846],[127.3424438,36.61972381],[127.34249492,36.61958856],[127.34251218,36.6194479]]]}"
6836210,2023022,신호위반,4311311600,43113002,충북 청주시 흥덕구2,충북 청주시 흥덕구 송정동(솔밭공원사거리 부근),8,12,0,6,6,0,127.435358189074,36.644207113941,"{""type"":""Polygon"",""coordinates"":[[[127.4362565,36.64420711],[127.43623924,36.6440665],[127.43618812,36.64393129],[127.43610511,36.64380667],[127.43599339,36.64369745],[127.43585727,36.64360781],[127.43570196,36.64354121],[127.43553344,36.64350019],[127.43535819,36.64348634],[127.43518294,36.64350019],[127.43501442,36.64354121],[127.43485911,36.64360781],[127.43472298,36.64369745],[127.43461127,36.64380667],[127.43452825,36.64393129],[127.43447713,36.6440665],[127.43445987,36.64420711],[127.43447713,36.64434773],[127.43452825,36.64448294],[127.43461127,36.64460755],[127.43472298,36.64471677],[127.43485911,36.64480641],[127.43501442,36.64487302],[127.43518294,36.64491403],[127.43535819,36.64492788],[127.43553344,36.64491403],[127.43570196,36.64487302],[127.43585727,36.64480641],[127.43599339,36.64471677],[127.43610511,36.64460755],[127.43618812,36.64448294],[127.43623924,36.64434773],[127.4362565,36.64420711]]]}"
6931704,2024050,중앙선침범,4311111900,43111001,충북 청주시 상당구1,충북 청주시 상당구 영운동(보림어린이집 부근),4,4,0,2,2,0,127.511306656421,36.620454126645,"{""type"":""Polygon"",""coordinates"":[[[127.5140016,36.62023529],[127.51394982,36.61981148],[127.51379646,36.61940396],[127.51354742,36.61902838],[127.51321227,36.61869919],[127.51280389,36.61842902],[127.51233797,36.61822827],[127.51183241,36.61810465],[127.51130666,36.6180629],[127.5107809,36.61810465],[127.51027535,36.61822827],[127.50980942,36.61842902],[127.50940104,36.61869919],[127.50906589,36.61902838],[127.50881685,36.61940396],[127.50866349,36.61981148],[127.50861171,36.62023529],[127.50866349,36.62065909],[127.50881685,36.6210666],[127.50906589,36.62144217],[127.50940104,36.62177135],[127.50980942,36.62204151],[127.51027535,36.62224225],[127.5107809,36.62236587],[127.51130666,36.62240761],[127.51183241,36.62236587],[127.51233797,36.62224225],[127.51280389,36.62204151],[127.51321227,36.62177135],[127.51354742,36.62144217],[127.51379646,36.6210666],[127.51394982,36.62065909],[127.5140016,36.62023529]]]}"
6931663,2024050,중앙선침범,4311110300,43111002,충북 청주시 상당구2,충북 청주시 상당구 북문로2가(중앙시장사거리 부근),3,4,0,1,3,0,127.488360730919,36.638380407798,"{""type"":""Polygon"",""coordinates"":[[[127.49105568,36.63816134],[127.49100389,36.63773764],[127.49085054,36.63733021],[127.4906015,36.63695472],[127.49026635,36.6366256],[127.48985796,36.6363555],[127.48939204,36.6361548],[127.48888649,36.6360312],[127.48836073,36.63598947],[127.48783497,36.6360312],[127.48732942,36.6361548],[127.4868635,36.6363555],[127.48645512,36.6366256],[127.48611997,36.63695472],[127.48587093,36.63733021],[127.48571757,36.63773764],[127.48566579,36.63816134],[127.48571757,36.63858505],[127.48587093,36.63899246],[127.48611997,36.63936794],[127.48645512,36.63969705],[127.4868635,36.63996714],[127.48732942,36.64016783],[127.48783497,36.64029142],[127.48836073,36.64033315],[127.48888649,36.64029142],[127.48939204,36.64016783],[127.48985796,36.63996714],[127.49026635,36.63969705],[127.4906015,36.63936794],[127.49085054,36.63899246],[127.49100389,36.63858505],[127.49105568,36.63816134]]]}"
6931722,2024050,중앙선침범,4311111000,43111003,충북 청주시 상당구3,충북 청주시 상당구 남주동(모충대교사거리 부근),2,5,1,2,2,0,127.483485214804,36.630514257194,"{""type"":""Polygon"",""coordinates"":[[[127.48618016,36.63029529],[127.48612838,36.62987154],[127.48597502,36.62946407],[127.48572598,36.62908855],[127.48539083,36.62875939],[127.48498245,36.62848926],[127.48451653,36.62828854],[127.48401097,36.62816493],[127.48348521,36.62812319],[127.48295946,36.62816493],[127.4824539,36.62828854],[127.48198798,36.62848926],[127.4815796,36.62875939],[127.48124445,36.62908855],[127.48099541,36.62946407],[127.48084205,36.62987154],[127.48079027,36.63029529],[127.48084205,36.63071904],[127.48099541,36.6311265],[127.48124445,36.63150201],[127.4815796,36.63183116],[127.48198798,36.63210127],[127.4824539,36.63230199],[127.48295946,36.63242559],[127.48348521,36.63246732],[127.48401097,36.63242559],[127.48451653,36.63230199],[127.48498245,36.63210127],[127.48539083,36.63183116],[127.48572598,36.63150201],[127.48597502,36.6311265],[127.48612838,36.63071904],[127.48618016,36.63029529]]]}"
6931481,2024050,중앙선침범,4311210600,43112001,충북 청주시 서원구1,충북 청주시 서원구 분평동(분평농협사거리 부근),3,7,0,2,5,0,127.484854052403,36.608756718239,"{""type"":""Polygon"",""coordinates"":[[[127.487549,36.60853802],[127.48749722,36.60811415],[127.48734386,36.60770657],[127.48709482,36.60733094],[127.48675967,36.60700169],[127.48635128,36.60673148],[127.48588536,36.6065307],[127.48537981,36.60640706],[127.48485405,36.60636531],[127.48432829,36.60640706],[127.48382274,36.6065307],[127.48335682,36.60673148],[127.48294844,36.60700169],[127.48261329,36.60733094],[127.48236425,36.60770657],[127.48221089,36.60811415],[127.48215911,36.60853802],[127.48221089,36.60896189],[127.48236425,36.60936947],[127.48261329,36.60974509],[127.48294844,36.61007433],[127.48335682,36.61034452],[127.48382274,36.6105453],[127.48432829,36.61066893],[127.48485405,36.61071068],[127.48537981,36.61066893],[127.48588536,36.6105453],[127.48635128,36.61034452],[127.48675967,36.61007433],[127.48709482,36.60974509],[127.48734386,36.60936947],[127.48749722,36.60896189],[127.487549,36.60853802]]]}"
6931430,2024050,중앙선침범,4311210800,43112002,충북 청주시 서원구2,충북 청주시 서원구 성화동(개신성화사거리 부근),3,5,0,1,4,0,127.448488749054,36.616872164362,"{""type"":""Polygon"",""coordinates"":[[[127.45118369,36.61665337],[127.45113191,36.61622954],[127.45097855,36.615822],[127.45072951,36.61544641],[127.45039436,36.6151172],[127.44998598,36.61484702],[127.44952006,36.61464626],[127.44901451,36.61452263],[127.44848875,36.61448089],[127.44796299,36.61452263],[127.44745744,36.61464626],[127.44699152,36.61484702],[127.44658313,36.6151172],[127.44624798,36.61544641],[127.44599894,36.615822],[127.44584559,36.61622954],[127.4457938,36.61665337],[127.44584559,36.61707719],[127.44599894,36.61748473],[127.44624798,36.61786031],[127.44658313,36.61818951],[127.44699152,36.61845968],[127.44745744,36.61866043],[127.44796299,36.61878405],[127.44848875,36.61882579],[127.44901451,36.61878405],[127.44952006,36.61866043],[127.44998598,36.61845968],[127.45039436,36.61818951],[127.45072951,36.61786031],[127.45097855,36.61748473],[127.45113191,36.61707719],[127.45118369,36.61665337]]]}"
6931429,2024050,중앙선침범,4311210300,43112003,충북 청주시 서원구3,충북 청주시 서원구 모충동(가을감나무 부근),3,5,0,0,5,0,127.493328876171,36.621437111956,"{""type"":""Polygon"",""coordinates"":[[[127.49602382,36.62121826],[127.49597204,36.62079446],[127.49581868,36.62038694],[127.49556964,36.62001137],[127.49523449,36.61968218],[127.49482611,36.61941202],[127.49436019,36.61921127],[127.49385463,36.61908765],[127.49332888,36.61904591],[127.49280312,36.61908765],[127.49229757,36.61921127],[127.49183164,36.61941202],[127.49142326,36.61968218],[127.49108811,36.62001137],[127.49083907,36.62038694],[127.49068571,36.62079446],[127.49063393,36.62121826],[127.49068571,36.62164206],[127.49083907,36.62204957],[127.49108811,36.62242513],[127.49142326,36.62275431],[127.49183164,36.62302446],[127.49229757,36.6232252],[127.49280312,36.62334881],[127.49332888,36.62339055],[127.49385463,36.62334881],[127.49436019,36.6232252],[127.49482611,36.62302446],[127.49523449,36.62275431],[127.49556964,36.62242513],[127.49581868,36.62204957],[127.49597204,36.62164206],[127.49602382,36.62121826]]]}"
6931668,2024050,중앙선침범,4311210100,43112004,충북 청주시 서원구4,충북 청주시 서원구 사직동(삼원맨션사거리 부근),3,4,0,0,4,0,127.48018773126,36.644085807999,"{""type"":""Polygon"",""coordinates"":[[[127.48288268,36.64386667],[127.48283089,36.643443],[127.48267754,36.6430356],[127.4824285,36.64266014],[127.48209335,36.64233105],[127.48168496,36.64206096],[127.48121904,36.64186027],[127.48071349,36.64173669],[127.48018773,36.64169496],[127.47966197,36.64173669],[127.47915642,36.64186027],[127.4786905,36.64206096],[127.47828212,36.64233105],[127.47794697,36.64266014],[127.47769793,36.6430356],[127.47754457,36.643443],[127.47749279,36.64386667],[127.47754457,36.64429034],[127.47769793,36.64469773],[127.47794697,36.64507318],[127.47828212,36.64540226],[127.4786905,36.64567233],[127.47915642,36.64587301],[127.47966197,36.64599659],[127.48018773,36.64603832],[127.48071349,36.64599659],[127.48121904,36.64587301],[127.48168496,36.64567233],[127.48209335,36.64540226],[127.4824285,36.64507318],[127.48267754,36.64469773],[127.48283089,36.64429034],[127.48288268,36.64386667]]]}"
6931687,2024050,중앙선침범,4311311400,43113001,충북 청주시 흥덕구1,충북 청주시 흥덕구 복대동(복대사거리 부근),4,13,0,3,9,1,127.439408589722,36.63278980176,"{""type"":""Polygon"",""coordinates"":[[[127.44210354,36.63257081],[127.44205175,36.63214707],[127.4418984,36.63173961],[127.44164936,36.6313641],[127.4413142,36.63103495],[127.44090582,36.63076483],[127.4404399,36.63056411],[127.43993435,36.63044051],[127.43940859,36.63039878],[127.43888283,36.63044051],[127.43837728,36.63056411],[127.43791136,36.63076483],[127.43750298,36.63103495],[127.43716782,36.6313641],[127.43691878,36.63173961],[127.43676543,36.63214707],[127.43671364,36.63257081],[127.43676543,36.63299454],[127.43691878,36.63340199],[127.43716782,36.63377749],[127.43750298,36.63410663],[127.43791136,36.63437674],[127.43837728,36.63457745],[127.43888283,36.63470104],[127.43940859,36.63474277],[127.43993435,36.63470104],[127.4404399,36.63457745],[127.44090582,36.63437674],[127.4413142,36.63410663],[127.44164936,36.63377749],[127.4418984,36.63340199],[127.44205175,36.63299454],[127.44210354,36.63257081]]]}"
6931394,2024050,중앙선침범,4311310500,43113002,충북 청주시 흥덕구2,충북 청주시 흥덕구 신봉동(제2운천교사거리 부근),4,5,0,1,4,0,127.472984844854,36.655591990793,"{""type"":""Polygon"",""coordinates"":[[[127.47567979,36.65537271],[127.47562801,36.6549491],[127.47547465,36.65454176],[127.47522561,36.65416636],[127.47489046,36.65383732],[127.47448208,36.65356727],[127.47401616,36.65336661],[127.4735106,36.65324305],[127.47298484,36.65320133],[127.47245909,36.65324305],[127.47195353,36.65336661],[127.47148761,36.65356727],[127.47107923,36.65383732],[127.47074408,36.65416636],[127.47049504,36.65454176],[127.47034168,36.6549491],[127.4702899,36.65537271],[127.47034168,36.65579632],[127.47049504,36.65620364],[127.47074408,36.65657904],[127.47107923,36.65690807],[127.47148761,36.6571781],[127.47195353,36.65737875],[127.47245909,36.65750231],[127.47298484,36.65754403],[127.4735106,36.65750231],[127.47401616,36.65737875],[127.47448208,36.6571781],[127.47489046,36.65690807],[127.47522561,36.65657904],[127.47547465,36.65620364],[127.47562801,36.65579632],[127.47567979,36.65537271]]]}"
6931643,2024050,중앙선침범,4311311400,43113003,충북 청주시 흥덕구3,충북 청주시 흥덕구 복대동(기상대사거리 부근),3,6,0,2,4,0,127.441345022418,36.638380059741,"{""type"":""Polygon"",""coordinates"":[[[127.44403997,36.63816099],[127.44398819,36.63773729],[127.44383483,36.63732986],[127.44358579,36.63695437],[127.44325064,36.63662525],[127.44284225,36.63635515],[127.44237633,36.63615445],[127.44187078,36.63603085],[127.44134502,36.63598912],[127.44081926,36.63603085],[127.44031371,36.63615445],[127.43984779,36.63635515],[127.43943941,36.63662525],[127.43910426,36.63695437],[127.43885522,36.63732986],[127.43870186,36.63773729],[127.43865008,36.63816099],[127.43870186,36.6385847],[127.43885522,36.63899212],[127.43910426,36.63936759],[127.43943941,36.6396967],[127.43984779,36.63996679],[127.44031371,36.64016749],[127.44081926,36.64029107],[127.44134502,36.6403328],[127.44187078,36.64029107],[127.44237633,36.64016749],[127.44284225,36.63996679],[127.44325064,36.6396967],[127.44358579,36.63936759],[127.44383483,36.63899212],[127.44398819,36.6385847],[127.44403997,36.63816099]]]}"
6931772,2024050,중앙선침범,4311311300,43113004,충북 청주시 흥덕구4,충북 청주시 흥덕구 가경동(발산공원사거리 부근),3,4,0,1,3,0,127.434584766064,36.622810031037,"{""type"":""Polygon"",""coordinates"":[[[127.43727971,36.62259116],[127.43722793,36.62216737],[127.43707457,36.62175986],[127.43682553,36.6213843],[127.43649038,36.62105511],[127.436082,36.62078495],[127.43561608,36.62058421],[127.43511052,36.62046059],[127.43458477,36.62041885],[127.43405901,36.62046059],[127.43355345,36.62058421],[127.43308753,36.62078495],[127.43267915,36.62105511],[127.432344,36.6213843],[127.43209496,36.62175986],[127.4319416,36.62216737],[127.43188982,36.62259116],[127.4319416,36.62301495],[127.43209496,36.62342245],[127.432344,36.62379801],[127.43267915,36.62412718],[127.43308753,36.62439733],[127.43355345,36.62459806],[127.43405901,36.62472167],[127.43458477,36.62476341],[127.43511052,36.62472167],[127.43561608,36.62459806],[127.436082,36.62439733],[127.43649038,36.62412718],[127.43682553,36.62379801],[127.43707457,36.62342245],[127.43722793,36.62301495],[127.43727971,36.62259116]]]}"
6931762,2024050,중앙선침범,4311311400,43113005,충북 청주시 흥덕구5,충북 청주시 흥덕구 복대동(산업단지육거리 부근),3,4,0,1,3,0,127.44929612935,36.63335334908,"{""type"":""Polygon"",""coordinates"":[[[127.45199108,36.63313435],[127.45193929,36.63271061],[127.45178593,36.63230316],[127.45153689,36.63192765],[127.45120174,36.63159851],[127.45079336,36.63132839],[127.45032744,36.63112767],[127.44982189,36.63100407],[127.44929613,36.63096233],[127.44877037,36.63100407],[127.44826482,36.63112767],[127.4477989,36.63132839],[127.44739051,36.63159851],[127.44705536,36.63192765],[127.44680632,36.63230316],[127.44665297,36.63271061],[127.44660118,36.63313435],[127.44665297,36.63355808],[127.44680632,36.63396552],[127.44705536,36.63434103],[127.44739051,36.63467015],[127.4477989,36.63494026],[127.44826482,36.63514097],[127.44877037,36.63526457],[127.44929613,36.6353063],[127.44982189,36.63526457],[127.45032744,36.63514097],[127.45079336,36.63494026],[127.45120174,36.63467015],[127.45153689,36.63434103],[127.45178593,36.63396552],[127.45193929,36.63355808],[127.45199108,36.63313435]]]}"
6931349,2024050,중앙선침범,4311311500,43113006,충북 청주시 흥덕구6,충북 청주시 흥덕구 봉명동(봉명1동사거리 부근),3,4,0,0,4,0,127.458900195409,36.641407426486,"{""type"":""Polygon"",""coordinates"":[[[127.46159514,36.64118832],[127.46154336,36.64076463],[127.46139,36.64035722],[127.46114096,36.63998175],[127.46080581,36.63965264],[127.46039743,36.63938255],[127.45993151,36.63918186],[127.45942595,36.63905827],[127.4589002,36.63901654],[127.45837444,36.63905827],[127.45786888,36.63918186],[127.45740296,36.63938255],[127.45699458,36.63965264],[127.45665943,36.63998175],[127.45641039,36.64035722],[127.45625703,36.64076463],[127.45620525,36.64118832],[127.45625703,36.64161201],[127.45641039,36.64201941],[127.45665943,36.64239487],[127.45699458,36.64272397],[127.45740296,36.64299405],[127.45786888,36.64319474],[127.45837444,36.64331832],[127.4589002,36.64336005],[127.45942595,36.64331832],[127.45993151,36.64319474],[127.46039743,36.64299405],[127.46080581,36.64272397],[127.46114096,36.64239487],[127.46139,36.64201941],[127.46154336,36.64161201],[127.46159514,36.64118832]]]}"
6931391,2024050,중앙선침범,4311332021,43113007,충북 청주시 흥덕구7,충북 청주시 흥덕구 옥산면(1-5 부근),2,3,1,1,1,0,127.371161976233,36.679081385208,"{""type"":""Polygon"",""coordinates"":[[[127.37385692,36.67886181],[127.37380514,36.67843833],[127.37365178,36.67803112],[127.37340274,36.67765583],[127.37306759,36.67732689],[127.37265921,36.67705693],[127.37219329,36.67685633],[127.37168773,36.6767328],[127.37116198,36.67669109],[127.37063622,36.6767328],[127.37013067,36.67685633],[127.36966474,36.67705693],[127.36925636,36.67732689],[127.36892121,36.67765583],[127.36867217,36.67803112],[127.36851881,36.67843833],[127.36846703,36.67886181],[127.36851881,36.67928528],[127.36867217,36.67969249],[127.36892121,36.68006776],[127.36925636,36.6803967],[127.36966474,36.68066664],[127.37013067,36.68086723],[127.37063622,36.68099075],[127.37116198,36.68103246],[127.37168773,36.68099075],[127.37219329,36.68086723],[127.37265921,36.68066664],[127.37306759,36.6803967],[127.37340274,36.68006776],[127.37365178,36.67969249],[127.37380514,36.67928528],[127.37385692,36.67886181]]]}"
6931382,2024050,중앙선침범,4311410500,43114001,충북 청주시 청원구1,충북 청주시 청원구 주성동(주성사거리 부근),3,4,0,1,3,0,127.497867959487,36.676987480545,"{""type"":""Polygon"",""coordinates"":[[[127.50056291,36.67676793],[127.50051112,36.67634444],[127.50035776,36.67593722],[127.50010873,36.67556192],[127.49977357,36.67523297],[127.49936519,36.674963],[127.49889927,36.6747624],[127.49839372,36.67463887],[127.49786796,36.67459716],[127.4973422,36.67463887],[127.49683665,36.6747624],[127.49637073,36.674963],[127.49596234,36.67523297],[127.49562719,36.67556192],[127.49537815,36.67593722],[127.4952248,36.67634444],[127.49517301,36.67676793],[127.4952248,36.67719142],[127.49537815,36.67759863],[127.49562719,36.67797392],[127.49596234,36.67830286],[127.49637073,36.67857281],[127.49683665,36.67877341],[127.4973422,36.67889693],[127.49786796,36.67893864],[127.49839372,36.67889693],[127.49889927,36.67877341],[127.49936519,36.67857281],[127.49977357,36.67830286],[127.50010873,36.67797392],[127.50035776,36.67759863],[127.50051112,36.67719142],[127.50056291,36.67676793]]]}"
6931701,2024050,중앙선침범,4311410200,43114002,충북 청주시 청원구2,충북 청주시 청원구 내덕동(현대미술관사거리 부근),3,4,0,0,4,0,127.487468828063,36.654417943671,"{""type"":""Polygon"",""coordinates"":[[[127.49016377,36.65419868],[127.49011199,36.65377506],[127.48995863,36.65336772],[127.48970959,36.65299231],[127.48937444,36.65266326],[127.48896606,36.65239321],[127.48850014,36.65219255],[127.48799459,36.65206898],[127.48746883,36.65202726],[127.48694307,36.65206898],[127.48643752,36.65219255],[127.4859716,36.65239321],[127.48556321,36.65266326],[127.48522806,36.65299231],[127.48497902,36.65336772],[127.48482566,36.65377506],[127.48477388,36.65419868],[127.48482566,36.65462229],[127.48497902,36.65502962],[127.48522806,36.65540502],[127.48556321,36.65573406],[127.4859716,36.65600409],[127.48643752,36.65620475],[127.48694307,36.65632831],[127.48746883,36.65637003],[127.48799459,36.65632831],[127.48850014,36.65620475],[127.48896606,36.65600409],[127.48937444,36.65573406],[127.48970959,36.65540502],[127.48995863,36.65502962],[127.49011199,36.65462229],[127.49016377,36.65419868]]]}"
6931521,2024050,중앙선침범,4311410300,43114003,충북 청주시 청원구3,충북 청주시 청원구 율량동(양지교 부근),3,4,0,0,4,0,127.499339789853,36.664479282178,"{""type"":""Polygon"",""coordinates"":[[[127.50203474,36.66425989],[127.50198295,36.66383633],[127.5018296,36.66342904],[127.50158056,36.66305368],[127.5012454,36.66272467],[127.50083702,36.66245466],[127.5003711,36.66225403],[127.49986555,36.66213048],[127.49933979,36.66208876],[127.49881403,36.66213048],[127.49830848,36.66225403],[127.49784256,36.66245466],[127.49743418,36.66272467],[127.49709902,36.66305368],[127.49684998,36.66342904],[127.49669663,36.66383633],[127.49664484,36.66425989],[127.49669663,36.66468345],[127.49684998,36.66509073],[127.49709902,36.66546608],[127.49743418,36.66579507],[127.49784256,36.66606507],[127.49830848,36.66626569],[127.49881403,36.66638924],[127.49933979,36.66643095],[127.49986555,36.66638924],[127.5003711,36.66626569],[127.50083702,36.66606507],[127.5012454,36.66579507],[127.50158056,36.66546608],[127.5018296,36.66509073],[127.50198295,36.66468345],[127.50203474,36.66425989]]]}"
6932334,2024052,신호위반,4311210200,43112001,충북 청주시 서원구1,충북 청주시 서원구 사창동(사창사거리 부근),15,21,0,3,18,0,127.460132144038,36.634616695784,"{""type"":""Polygon"",""coordinates"":[[[127.46103046,36.63439768],[127.4610132,36.63425643],[127.46096208,36.63412062],[127.46087907,36.63399545],[127.46076735,36.63388574],[127.46063122,36.63379571],[127.46047591,36.6337288],[127.4603074,36.6336876],[127.46013214,36.63367369],[127.45995689,36.6336876],[127.45978837,36.6337288],[127.45963307,36.63379571],[127.45949694,36.63388574],[127.45938522,36.63399545],[127.45930221,36.63412062],[127.45925109,36.63425643],[127.45923383,36.63439768],[127.45925109,36.63453892],[127.45930221,36.63467473],[127.45938522,36.6347999],[127.45949694,36.63490961],[127.45963307,36.63499964],[127.45978837,36.63506655],[127.45995689,36.63510774],[127.46013214,36.63512166],[127.4603074,36.63510774],[127.46047591,36.63506655],[127.46063122,36.63499964],[127.46076735,36.63490961],[127.46087907,36.6347999],[127.46096208,36.63467473],[127.4610132,36.63453892],[127.46103046,36.63439768]]]}"
6932606,2024052,신호위반,4311210400,43112002,충북 청주시 서원구2,충북 청주시 서원구 산남동(산남사거리 부근),6,10,0,3,7,0,127.470706322934,36.615542389447,"{""type"":""Polygon"",""coordinates"":[[[127.47160464,36.61532361],[127.47158738,36.61518233],[127.47153626,36.61504648],[127.47145324,36.61492129],[127.47134153,36.61481155],[127.4712054,36.61472149],[127.47105009,36.61465457],[127.47088158,36.61461336],[127.47070632,36.61459944],[127.47053107,36.61461336],[127.47036255,36.61465457],[127.47020725,36.61472149],[127.47007112,36.61481155],[127.4699594,36.61492129],[127.46987639,36.61504648],[127.46982527,36.61518233],[127.46980801,36.61532361],[127.46982527,36.61546489],[127.46987639,36.61560074],[127.4699594,36.61572593],[127.47007112,36.61583567],[127.47020725,36.61592573],[127.47036255,36.61599265],[127.47053107,36.61603386],[127.47070632,36.61604777],[127.47088158,36.61603386],[127.47105009,36.61599265],[127.4712054,36.61592573],[127.47134153,36.61583567],[127.47145324,36.61572593],[127.47153626,36.61560074],[127.47158738,36.61546489],[127.47160464,36.61532361]]]}"
6932545,2024052,신호위반,4311311400,43113001,충북 청주시 흥덕구1,충북 청주시 흥덕구 복대동(복대사거리 부근),6,14,0,2,12,0,127.440828571934,36.633529744285,"{""type"":""Polygon"",""coordinates"":[[[127.44172689,36.63331074],[127.44170963,36.63316949],[127.44165851,36.63303368],[127.44157549,36.63290851],[127.44146378,36.6327988],[127.44132765,36.63270876],[127.44117234,36.63264185],[127.44100382,36.63260065],[127.44082857,36.63258674],[127.44065332,36.63260065],[127.4404848,36.63264185],[127.44032949,36.63270876],[127.44019337,36.6327988],[127.44008165,36.63290851],[127.43999864,36.63303368],[127.43994752,36.63316949],[127.43993026,36.63331074],[127.43994752,36.63345198],[127.43999864,36.6335878],[127.44008165,36.63371297],[127.44019337,36.63382268],[127.44032949,36.63391271],[127.4404848,36.63397962],[127.44065332,36.63402082],[127.44082857,36.63403473],[127.44100382,36.63402082],[127.44117234,36.63397962],[127.44132765,36.63391271],[127.44146378,36.63382268],[127.44157549,36.63371297],[127.44165851,36.6335878],[127.44170963,36.63345198],[127.44172689,36.63331074]]]}"
6932563,2024052,신호위반,4311313600,43113002,충북 청주시 흥덕구2,충북 청주시 흥덕구 외북동(행복주유소 부근),6,9,0,2,7,0,127.435505732683,36.658602109566,"{""type"":""Polygon"",""coordinates"":[[[127.43640405,36.65838279],[127.43638679,36.65824159],[127.43633567,36.65810582],[127.43625265,36.65798069],[127.43614094,36.65787101],[127.43600481,36.65778101],[127.4358495,36.65771412],[127.43568099,36.65767294],[127.43550573,36.65765903],[127.43533048,36.65767294],[127.43516196,36.65771412],[127.43500666,36.65778101],[127.43487053,36.65787101],[127.43475881,36.65798069],[127.4346758,36.65810582],[127.43462468,36.65824159],[127.43460742,36.65838279],[127.43462468,36.65852399],[127.4346758,36.65865976],[127.43475881,36.65878488],[127.43487053,36.65889456],[127.43500666,36.65898457],[127.43516196,36.65905145],[127.43533048,36.65909263],[127.43550573,36.65910654],[127.43568099,36.65909263],[127.4358495,36.65905145],[127.43600481,36.65898457],[127.43614094,36.65889456],[127.43625265,36.65878488],[127.43633567,36.65865976],[127.43638679,36.65852399],[127.43640405,36.65838279]]]}"
6932283,2024052,신호위반,4311313400,43113003,충북 청주시 흥덕구3,충북 청주시 흥덕구 송절동(송절교차로 부근),6,9,0,1,8,0,127.454114125847,36.660297576744,"{""type"":""Polygon"",""coordinates"":[[[127.45501244,36.66007823],[127.45499518,36.65993704],[127.45494406,36.65980127],[127.45486105,36.65967615],[127.45474933,36.65956647],[127.4546132,36.65947647],[127.4544579,36.65940958],[127.45428938,36.6593684],[127.45411413,36.65935449],[127.45393887,36.6593684],[127.45377036,36.65940958],[127.45361505,36.65947647],[127.45347892,36.65956647],[127.4533672,36.65967615],[127.45328419,36.65980127],[127.45323307,36.65993704],[127.45321581,36.66007823],[127.45323307,36.66021943],[127.45328419,36.6603552],[127.4533672,36.66048032],[127.45347892,36.66058999],[127.45361505,36.66068],[127.45377036,36.66074688],[127.45393887,36.66078806],[127.45411413,36.66080197],[127.45428938,36.66078806],[127.4544579,36.66074688],[127.4546132,36.66068],[127.45474933,36.66058999],[127.45486105,36.66048032],[127.45494406,36.6603552],[127.45499518,36.66021943],[127.45501244,36.66007823]]]}"
6932617,2024052,신호위반,4311325027,43113004,충북 청주시 흥덕구4,충북 청주시 흥덕구 오송읍(궁평1교차로 부근),6,8,0,2,6,0,127.341462575659,36.619600952176,"{""type"":""Polygon"",""coordinates"":[[[127.34236089,36.61938212],[127.34234363,36.61924085],[127.34229251,36.61910501],[127.3422095,36.61897982],[127.34209778,36.61887009],[127.34196165,36.61878003],[127.34180635,36.61871312],[127.34163783,36.61867191],[127.34146258,36.61865799],[127.34128732,36.61867191],[127.34111881,36.61871312],[127.3409635,36.61878003],[127.34082737,36.61887009],[127.34071565,36.61897982],[127.34063264,36.61910501],[127.34058152,36.61924085],[127.34056426,36.61938212],[127.34058152,36.61952339],[127.34063264,36.61965923],[127.34071565,36.61978442],[127.34082737,36.61989415],[127.3409635,36.61998421],[127.34111881,36.62005112],[127.34128732,36.62009233],[127.34146258,36.62010624],[127.34163783,36.62009233],[127.34180635,36.62005112],[127.34196165,36.61998421],[127.34209778,36.61989415],[127.3422095,36.61978442],[127.34229251,36.61965923],[127.34234363,36.61952339],[127.34236089,36.61938212]]]}"
6932320,2024052,신호위반,4311311300,43113005,충북 청주시 흥덕구5,충북 청주시 흥덕구 가경동(시외버스터미널사거리 부근),6,7,0,0,7,0,127.429748219885,36.625769973969,"{""type"":""Polygon"",""coordinates"":[[[127.43064654,36.62555107],[127.43062927,36.62540981],[127.43057815,36.62527398],[127.43049514,36.6251488],[127.43038342,36.62503907],[127.4302473,36.62494902],[127.43009199,36.62488211],[127.42992347,36.62484091],[127.42974822,36.624827],[127.42957297,36.62484091],[127.42940445,36.62488211],[127.42924914,36.62494902],[127.42911302,36.62503907],[127.4290013,36.6251488],[127.42891828,36.62527398],[127.42886717,36.62540981],[127.4288499,36.62555107],[127.42886717,36.62569232],[127.42891828,36.62582815],[127.4290013,36.62595334],[127.42911302,36.62606306],[127.42924914,36.6261531],[127.42940445,36.62622001],[127.42957297,36.62626122],[127.42974822,36.62627513],[127.42992347,36.62626122],[127.43009199,36.62622001],[127.4302473,36.6261531],[127.43038342,36.62606306],[127.43049514,36.62595334],[127.43057815,36.62582815],[127.43062927,36.62569232],[127.43064654,36.62555107]]]}"
6932475,2024052,신호위반,4311410200,43114001,충북 청주시 청원구1,충북 청주시 청원구 내덕동(제2운천교오거리 부근),7,7,0,1,6,0,127.475277087672,36.657495726503,"{""type"":""Polygon"",""coordinates"":[[[127.4761754,36.65727642],[127.47615814,36.65713522],[127.47610702,36.65699945],[127.47602401,36.65687432],[127.47591229,36.65676464],[127.47577616,36.65667463],[127.47562086,36.65660774],[127.47545234,36.65656656],[127.47527709,36.65655265],[127.47510184,36.65656656],[127.47493332,36.65660774],[127.47477801,36.65667463],[127.47464188,36.65676464],[127.47453017,36.65687432],[127.47444715,36.65699945],[127.47439603,36.65713522],[127.47437877,36.65727642],[127.47439603,36.65741762],[127.47444715,36.65755339],[127.47453017,36.65767852],[127.47464188,36.6577882],[127.47477801,36.65787821],[127.47493332,36.65794509],[127.47510184,36.65798627],[127.47527709,36.65800018],[127.47545234,36.65798627],[127.47562086,36.65794509],[127.47577616,36.65787821],[127.47591229,36.6577882],[127.47602401,36.65767852],[127.47610702,36.65755339],[127.47615814,36.65741762],[127.4761754,36.65727642]]]}"
6932474,2024052,신호위반,4311410600,43114002,충북 청주시 청원구2,충북 청주시 청원구 주중동(율량교차로 부근),6,11,0,4,7,0,127.48338069889,36.674466669138,"{""type"":""Polygon"",""coordinates"":[[[127.48427901,36.67424715],[127.48426175,36.67410598],[127.48421063,36.67397024],[127.48412762,36.67384513],[127.4840159,36.67373548],[127.48387978,36.67364549],[127.48372447,36.67357862],[127.48355595,36.67353744],[127.4833807,36.67352354],[127.48320545,36.67353744],[127.48303693,36.67357862],[127.48288162,36.67364549],[127.48274549,36.67373548],[127.48263378,36.67384513],[127.48255076,36.67397024],[127.48249964,36.67410598],[127.48248238,36.67424715],[127.48249964,36.67438832],[127.48255076,36.67452406],[127.48263378,36.67464916],[127.48274549,36.67475881],[127.48288162,36.6748488],[127.48303693,36.67491567],[127.48320545,36.67495685],[127.4833807,36.67497075],[127.48355595,36.67495685],[127.48372447,36.67491567],[127.48387978,36.6748488],[127.4840159,36.67475881],[127.48412762,36.67464916],[127.48421063,36.67452406],[127.48426175,36.67438832],[127.48427901,36.67424715]]]}"
